Started earnings reset scheduler
Waiting 13809.8 seconds until midnight...
Started earnings reset scheduler
Waiting 13805.7 seconds until midnight...
Started earnings reset scheduler
Waiting 12812.1 seconds until midnight...
Started earnings reset scheduler
Waiting 9473.5 seconds until midnight...
Started earnings reset scheduler
Waiting 9471.0 seconds until midnight...
Started earnings reset scheduler
Waiting 5241.2 seconds until midnight...
Started earnings reset scheduler
Waiting 4771.1 seconds until midnight...
Started earnings reset scheduler
Waiting 4462.0 seconds until midnight...
Started earnings reset scheduler
Waiting 4270.7 seconds until midnight...
Started earnings reset scheduler
Waiting 3636.3 seconds until midnight...
Started earnings reset scheduler
Waiting 2580.9 seconds until midnight...
Started earnings reset scheduler
Waiting 526.3 seconds until midnight...
Started earnings reset scheduler
Waiting 524.6 seconds until midnight...
Started earnings reset scheduler
Waiting 446.5 seconds until midnight...
Started earnings reset scheduler
Waiting 384.0 seconds until midnight...
Started earnings reset scheduler
Waiting 382.2 seconds until midnight...
Started earnings reset scheduler
Waiting 354.5 seconds until midnight...
Started earnings reset scheduler
Waiting 205.9 seconds until midnight...
Started earnings reset scheduler
Waiting 180.2 seconds until midnight...
Midnight - Resetting earnings...
Midnight - Resetting earnings...
Reset complete. Processed 0 riders.
Reset complete. Processed 0 riders.
Waiting -0.1 seconds until midnight...
Error in scheduler loop: sleep length must be non-negative
Error in scheduler loop: sleep length must be non-negative
Waiting -60.1 seconds until midnight...
Error in scheduler loop: sleep length must be non-negative
Waiting -60.1 seconds until midnight...
Error in scheduler loop: sleep length must be non-negative
Waiting -120.1 seconds until midnight...
Error in scheduler loop: sleep length must be non-negative
Waiting -120.1 seconds until midnight...
Error in scheduler loop: sleep length must be non-negative
Waiting -180.1 seconds until midnight...
Error in scheduler loop: sleep length must be non-negative
Waiting -180.2 seconds until midnight...
Error in scheduler loop: sleep length must be non-negative
Waiting -240.2 seconds until midnight...
Error in scheduler loop: sleep length must be non-negative
Waiting -240.2 seconds until midnight...
Error in scheduler loop: sleep length must be non-negative
Waiting -300.2 seconds until midnight...
Error in scheduler loop: sleep length must be non-negative
Waiting -300.2 seconds until midnight...
Error in scheduler loop: sleep length must be non-negative
Waiting -360.2 seconds until midnight...
Error in scheduler loop: sleep length must be non-negative
Waiting -360.2 seconds until midnight...
Error in scheduler loop: sleep length must be non-negative
Waiting -420.2 seconds until midnight...
Error in scheduler loop: sleep length must be non-negative
Waiting -420.2 seconds until midnight...
Error in scheduler loop: sleep length must be non-negative
Waiting -480.2 seconds until midnight...
Error in scheduler loop: sleep length must be non-negative
Waiting -480.2 seconds until midnight...
Error in scheduler loop: sleep length must be non-negative
Started earnings reset scheduler
Waiting -498.7 seconds until midnight...
Error in scheduler loop: sleep length must be non-negative
Waiting -540.2 seconds until midnight...
Error in scheduler loop: sleep length must be non-negative
Waiting -558.7 seconds until midnight...
Error in scheduler loop: sleep length must be non-negative
Waiting -600.2 seconds until midnight...
Error in scheduler loop: sleep length must be non-negative
Waiting -618.7 seconds until midnight...
Error in scheduler loop: sleep length must be non-negative
Waiting -660.2 seconds until midnight...
Error in scheduler loop: sleep length must be non-negative
Waiting -678.7 seconds until midnight...
Error in scheduler loop: sleep length must be non-negative
Waiting -720.2 seconds until midnight...
Error in scheduler loop: sleep length must be non-negative
Waiting -738.7 seconds until midnight...
Error in scheduler loop: sleep length must be non-negative
Waiting -780.2 seconds until midnight...
Error in scheduler loop: sleep length must be non-negative
Waiting -798.7 seconds until midnight...
Error in scheduler loop: sleep length must be non-negative
Waiting -840.2 seconds until midnight...
Error in scheduler loop: sleep length must be non-negative
Waiting -858.7 seconds until midnight...
Error in scheduler loop: sleep length must be non-negative
Waiting -900.2 seconds until midnight...
Error in scheduler loop: sleep length must be non-negative
Waiting -918.7 seconds until midnight...
Error in scheduler loop: sleep length must be non-negative
Waiting -960.2 seconds until midnight...
Error in scheduler loop: sleep length must be non-negative
Waiting -978.7 seconds until midnight...
Error in scheduler loop: sleep length must be non-negative
Waiting -1020.2 seconds until midnight...
Error in scheduler loop: sleep length must be non-negative
Waiting -1038.7 seconds until midnight...
Error in scheduler loop: sleep length must be non-negative
Waiting -1080.2 seconds until midnight...
Error in scheduler loop: sleep length must be non-negative
Waiting -1098.7 seconds until midnight...
Error in scheduler loop: sleep length must be non-negative
Waiting -1140.2 seconds until midnight...
Error in scheduler loop: sleep length must be non-negative
Waiting -1158.7 seconds until midnight...
Error in scheduler loop: sleep length must be non-negative
Waiting -1200.2 seconds until midnight...
Error in scheduler loop: sleep length must be non-negative
Waiting -1218.7 seconds until midnight...
Error in scheduler loop: sleep length must be non-negative
Waiting -1260.2 seconds until midnight...
Error in scheduler loop: sleep length must be non-negative
Waiting -1278.7 seconds until midnight...
Error in scheduler loop: sleep length must be non-negative
Waiting -1320.2 seconds until midnight...
Error in scheduler loop: sleep length must be non-negative
Waiting -1338.7 seconds until midnight...
Error in scheduler loop: sleep length must be non-negative
Started earnings reset scheduler
Waiting -1359.1 seconds until midnight...
Error in scheduler loop: sleep length must be non-negative
Started earnings reset scheduler
Waiting -1376.3 seconds until midnight...
Error in scheduler loop: sleep length must be non-negative
Waiting -1380.2 seconds until midnight...
Error in scheduler loop: sleep length must be non-negative
Started earnings reset scheduler
Waiting -2416.6 seconds until midnight...
Error in scheduler loop: sleep length must be non-negative
Started earnings reset scheduler
Waiting -2418.3 seconds until midnight...
Error in scheduler loop: sleep length must be non-negative
Waiting -2476.6 seconds until midnight...
Error in scheduler loop: sleep length must be non-negative
Waiting -2478.3 seconds until midnight...
Error in scheduler loop: sleep length must be non-negative
Waiting -2536.6 seconds until midnight...
Error in scheduler loop: sleep length must be non-negative
Waiting -2538.3 seconds until midnight...
Error in scheduler loop: sleep length must be non-negative
Waiting -2596.6 seconds until midnight...
Error in scheduler loop: sleep length must be non-negative
Waiting -2598.3 seconds until midnight...
Error in scheduler loop: sleep length must be non-negative
Waiting -2656.6 seconds until midnight...
Error in scheduler loop: sleep length must be non-negative
Waiting -2658.3 seconds until midnight...
Error in scheduler loop: sleep length must be non-negative
Waiting -2716.6 seconds until midnight...
Error in scheduler loop: sleep length must be non-negative
Waiting -2718.3 seconds until midnight...
Error in scheduler loop: sleep length must be non-negative
Waiting -2776.6 seconds until midnight...
Error in scheduler loop: sleep length must be non-negative
Waiting -2778.3 seconds until midnight...
Error in scheduler loop: sleep length must be non-negative
Waiting -2836.6 seconds until midnight...
Error in scheduler loop: sleep length must be non-negative
Started earnings reset scheduler
Waiting -2877.8 seconds until midnight...
Error in scheduler loop: sleep length must be non-negative
Waiting -2896.6 seconds until midnight...
Error in scheduler loop: sleep length must be non-negative
Waiting -2937.8 seconds until midnight...
Error in scheduler loop: sleep length must be non-negative
Waiting -2956.6 seconds until midnight...
Error in scheduler loop: sleep length must be non-negative
Started earnings reset scheduler
Waiting -2972.2 seconds until midnight...
Error in scheduler loop: sleep length must be non-negative
Started earnings reset scheduler
Waiting -2992.9 seconds until midnight...
Error in scheduler loop: sleep length must be non-negative
Waiting -3016.6 seconds until midnight...
Error in scheduler loop: sleep length must be non-negative
Waiting -3052.9 seconds until midnight...
Error in scheduler loop: sleep length must be non-negative
Started earnings reset scheduler
Waiting -3068.4 seconds until midnight...
Error in scheduler loop: sleep length must be non-negative
Waiting -3076.6 seconds until midnight...
Error in scheduler loop: sleep length must be non-negative
Waiting -3128.5 seconds until midnight...
Error in scheduler loop: sleep length must be non-negative
Waiting -3136.6 seconds until midnight...
Error in scheduler loop: sleep length must be non-negative
Waiting -3188.5 seconds until midnight...
Error in scheduler loop: sleep length must be non-negative
Waiting -3196.7 seconds until midnight...
Error in scheduler loop: sleep length must be non-negative
Waiting -3248.5 seconds until midnight...
Error in scheduler loop: sleep length must be non-negative
Waiting -3256.7 seconds until midnight...
Error in scheduler loop: sleep length must be non-negative
Waiting -3308.5 seconds until midnight...
Error in scheduler loop: sleep length must be non-negative
Waiting -3316.7 seconds until midnight...
Error in scheduler loop: sleep length must be non-negative
Waiting -3368.5 seconds until midnight...
Error in scheduler loop: sleep length must be non-negative
Waiting -3376.7 seconds until midnight...
Error in scheduler loop: sleep length must be non-negative
Waiting -3428.5 seconds until midnight...
Error in scheduler loop: sleep length must be non-negative
Waiting -3436.7 seconds until midnight...
Error in scheduler loop: sleep length must be non-negative
Waiting -3488.5 seconds until midnight...
Error in scheduler loop: sleep length must be non-negative
Waiting -3496.7 seconds until midnight...
Error in scheduler loop: sleep length must be non-negative
Waiting -3548.5 seconds until midnight...
Error in scheduler loop: sleep length must be non-negative
Waiting -3556.7 seconds until midnight...
Error in scheduler loop: sleep length must be non-negative
Waiting -3608.5 seconds until midnight...
Error in scheduler loop: sleep length must be non-negative
Waiting -3616.7 seconds until midnight...
Error in scheduler loop: sleep length must be non-negative
Waiting -3668.5 seconds until midnight...
Error in scheduler loop: sleep length must be non-negative
Waiting -3676.7 seconds until midnight...
Error in scheduler loop: sleep length must be non-negative
Waiting -3728.5 seconds until midnight...
Error in scheduler loop: sleep length must be non-negative
Waiting -3736.7 seconds until midnight...
Error in scheduler loop: sleep length must be non-negative
Waiting -3788.5 seconds until midnight...
Error in scheduler loop: sleep length must be non-negative
Waiting -3796.7 seconds until midnight...
Error in scheduler loop: sleep length must be non-negative
Waiting -3848.5 seconds until midnight...
Error in scheduler loop: sleep length must be non-negative
Waiting -3856.7 seconds until midnight...
Error in scheduler loop: sleep length must be non-negative
Waiting -3908.5 seconds until midnight...
Error in scheduler loop: sleep length must be non-negative
Waiting -3916.7 seconds until midnight...
Error in scheduler loop: sleep length must be non-negative
Waiting -3968.5 seconds until midnight...
Error in scheduler loop: sleep length must be non-negative
Waiting -3976.7 seconds until midnight...
Error in scheduler loop: sleep length must be non-negative
Waiting -4028.5 seconds until midnight...
Error in scheduler loop: sleep length must be non-negative
Waiting -4036.7 seconds until midnight...
Error in scheduler loop: sleep length must be non-negative
Waiting -4088.5 seconds until midnight...
Error in scheduler loop: sleep length must be non-negative
Waiting -4096.7 seconds until midnight...
Error in scheduler loop: sleep length must be non-negative
Started earnings reset scheduler
Waiting -4138.8 seconds until midnight...
Error in scheduler loop: sleep length must be non-negative
Started earnings reset scheduler
Waiting -4141.0 seconds until midnight...
Error in scheduler loop: sleep length must be non-negative
Waiting -4198.8 seconds until midnight...
Error in scheduler loop: sleep length must be non-negative
Waiting -4201.0 seconds until midnight...
Error in scheduler loop: sleep length must be non-negative
Started earnings reset scheduler
Waiting -4223.9 seconds until midnight...
Error in scheduler loop: sleep length must be non-negative
Started earnings reset scheduler
Waiting -4225.9 seconds until midnight...
Error in scheduler loop: sleep length must be non-negative
Waiting -4258.8 seconds until midnight...
Error in scheduler loop: sleep length must be non-negative
Waiting -4261.0 seconds until midnight...
Error in scheduler loop: sleep length must be non-negative
Waiting -4283.9 seconds until midnight...
Error in scheduler loop: sleep length must be non-negative
Waiting -4285.9 seconds until midnight...
Error in scheduler loop: sleep length must be non-negative
Waiting -4318.8 seconds until midnight...
Error in scheduler loop: sleep length must be non-negative
Waiting -4321.0 seconds until midnight...
Error in scheduler loop: sleep length must be non-negative
Waiting -4343.9 seconds until midnight...
Error in scheduler loop: sleep length must be non-negative
Waiting -4345.9 seconds until midnight...
Error in scheduler loop: sleep length must be non-negative
Started earnings reset scheduler
Started earnings reset scheduler
Waiting -4376.7 seconds until midnight...
Error in scheduler loop: sleep length must be non-negative
Waiting -4376.7 seconds until midnight...
Error in scheduler loop: sleep length must be non-negative
Waiting -4378.8 seconds until midnight...
Error in scheduler loop: sleep length must be non-negative
Started earnings reset scheduler
Waiting -4392.6 seconds until midnight...
Error in scheduler loop: sleep length must be non-negative
Waiting -4438.8 seconds until midnight...
Error in scheduler loop: sleep length must be non-negative
Waiting -4452.7 seconds until midnight...
Error in scheduler loop: sleep length must be non-negative
Started earnings reset scheduler
Waiting -4496.4 seconds until midnight...
Error in scheduler loop: sleep length must be non-negative
Waiting -4498.8 seconds until midnight...
Error in scheduler loop: sleep length must be non-negative
Started earnings reset scheduler
Waiting -4522.1 seconds until midnight...
Error in scheduler loop: sleep length must be non-negative
Started earnings reset scheduler
Waiting -4546.9 seconds until midnight...
Error in scheduler loop: sleep length must be non-negative
Waiting -4558.8 seconds until midnight...
Error in scheduler loop: sleep length must be non-negative
Waiting -4606.9 seconds until midnight...
Error in scheduler loop: sleep length must be non-negative
Waiting -4618.8 seconds until midnight...
Error in scheduler loop: sleep length must be non-negative
Waiting -4666.9 seconds until midnight...
Error in scheduler loop: sleep length must be non-negative
Waiting -4678.8 seconds until midnight...
Error in scheduler loop: sleep length must be non-negative
Waiting -4726.9 seconds until midnight...
Error in scheduler loop: sleep length must be non-negative
Waiting -4738.8 seconds until midnight...
Error in scheduler loop: sleep length must be non-negative
Waiting -4787.0 seconds until midnight...
Error in scheduler loop: sleep length must be non-negative
Waiting -4798.8 seconds until midnight...
Error in scheduler loop: sleep length must be non-negative
Waiting -4847.0 seconds until midnight...
Error in scheduler loop: sleep length must be non-negative
Waiting -4858.8 seconds until midnight...
Error in scheduler loop: sleep length must be non-negative
Started earnings reset scheduler
Waiting -4978.4 seconds until midnight...
Error in scheduler loop: sleep length must be non-negative
Started earnings reset scheduler
Waiting -4979.8 seconds until midnight...
Error in scheduler loop: sleep length must be non-negative
Waiting -5038.4 seconds until midnight...
Error in scheduler loop: sleep length must be non-negative
Waiting -5039.8 seconds until midnight...
Error in scheduler loop: sleep length must be non-negative
Waiting -5098.4 seconds until midnight...
Error in scheduler loop: sleep length must be non-negative
Waiting -5099.8 seconds until midnight...
Error in scheduler loop: sleep length must be non-negative
Started earnings reset scheduler
Waiting -5134.1 seconds until midnight...
Error in scheduler loop: sleep length must be non-negative
Waiting -5158.4 seconds until midnight...
Error in scheduler loop: sleep length must be non-negative
Waiting -5159.8 seconds until midnight...
Error in scheduler loop: sleep length must be non-negative
Waiting -5218.4 seconds until midnight...
Error in scheduler loop: sleep length must be non-negative
Waiting -5219.8 seconds until midnight...
Error in scheduler loop: sleep length must be non-negative
Started earnings reset scheduler
Waiting -5226.6 seconds until midnight...
Error in scheduler loop: sleep length must be non-negative
Waiting -5278.4 seconds until midnight...
Error in scheduler loop: sleep length must be non-negative
Waiting -5286.6 seconds until midnight...
Error in scheduler loop: sleep length must be non-negative
Waiting -5338.5 seconds until midnight...
Error in scheduler loop: sleep length must be non-negative
Waiting -5346.6 seconds until midnight...
Error in scheduler loop: sleep length must be non-negative
Waiting -5398.5 seconds until midnight...
Error in scheduler loop: sleep length must be non-negative
Waiting -5406.6 seconds until midnight...
Error in scheduler loop: sleep length must be non-negative
Waiting -5458.5 seconds until midnight...
Error in scheduler loop: sleep length must be non-negative
Waiting -5466.6 seconds until midnight...
Error in scheduler loop: sleep length must be non-negative
Waiting -5518.5 seconds until midnight...
Error in scheduler loop: sleep length must be non-negative
Waiting -5526.6 seconds until midnight...
Error in scheduler loop: sleep length must be non-negative
Waiting -5578.5 seconds until midnight...
Error in scheduler loop: sleep length must be non-negative
Waiting -5586.6 seconds until midnight...
Error in scheduler loop: sleep length must be non-negative
Waiting -5638.5 seconds until midnight...
Error in scheduler loop: sleep length must be non-negative
Waiting -5646.6 seconds until midnight...
Error in scheduler loop: sleep length must be non-negative
Waiting -5698.5 seconds until midnight...
Error in scheduler loop: sleep length must be non-negative
Waiting -5706.6 seconds until midnight...
Error in scheduler loop: sleep length must be non-negative
Waiting -5758.5 seconds until midnight...
Error in scheduler loop: sleep length must be non-negative
Waiting -5766.6 seconds until midnight...
Error in scheduler loop: sleep length must be non-negative
Waiting -5818.5 seconds until midnight...
Error in scheduler loop: sleep length must be non-negative
Waiting -5826.6 seconds until midnight...
Error in scheduler loop: sleep length must be non-negative
Started earnings reset scheduler
Waiting -5846.9 seconds until midnight...
Error in scheduler loop: sleep length must be non-negative
Waiting -5878.5 seconds until midnight...
Error in scheduler loop: sleep length must be non-negative
Waiting -5906.9 seconds until midnight...
Error in scheduler loop: sleep length must be non-negative
Waiting -5938.5 seconds until midnight...
Error in scheduler loop: sleep length must be non-negative
Waiting -5966.9 seconds until midnight...
Error in scheduler loop: sleep length must be non-negative
Waiting -5998.5 seconds until midnight...
Error in scheduler loop: sleep length must be non-negative
Waiting -6026.9 seconds until midnight...
Error in scheduler loop: sleep length must be non-negative
Waiting -6058.5 seconds until midnight...
Error in scheduler loop: sleep length must be non-negative
Started earnings reset scheduler
Waiting -6065.6 seconds until midnight...
Error in scheduler loop: sleep length must be non-negative
Started earnings reset scheduler
Waiting -6117.7 seconds until midnight...
Error in scheduler loop: sleep length must be non-negative
Waiting -6118.5 seconds until midnight...
Error in scheduler loop: sleep length must be non-negative
Started earnings reset scheduler
Waiting -6160.4 seconds until midnight...
Error in scheduler loop: sleep length must be non-negative
Started earnings reset scheduler
Waiting -6161.7 seconds until midnight...
Error in scheduler loop: sleep length must be non-negative
Started earnings reset scheduler
Waiting -6209.3 seconds until midnight...
Error in scheduler loop: sleep length must be non-negative
Waiting -6220.4 seconds until midnight...
Error in scheduler loop: sleep length must be non-negative
Waiting -6269.3 seconds until midnight...
Error in scheduler loop: sleep length must be non-negative
Waiting -6280.4 seconds until midnight...
Error in scheduler loop: sleep length must be non-negative
Started earnings reset scheduler
Waiting -6284.8 seconds until midnight...
Error in scheduler loop: sleep length must be non-negative
Started earnings reset scheduler
Waiting -6301.1 seconds until midnight...
Error in scheduler loop: sleep length must be non-negative
Started earnings reset scheduler
Waiting -6316.8 seconds until midnight...
Error in scheduler loop: sleep length must be non-negative
Waiting -6340.4 seconds until midnight...
Error in scheduler loop: sleep length must be non-negative
Waiting -6376.8 seconds until midnight...
Error in scheduler loop: sleep length must be non-negative
Started earnings reset scheduler
Waiting -6384.4 seconds until midnight...
Error in scheduler loop: sleep length must be non-negative
Waiting -6400.4 seconds until midnight...
Error in scheduler loop: sleep length must be non-negative
Started earnings reset scheduler
Waiting -6412.9 seconds until midnight...
Error in scheduler loop: sleep length must be non-negative
Started earnings reset scheduler
Waiting -6428.0 seconds until midnight...
Error in scheduler loop: sleep length must be non-negative
Waiting -6460.4 seconds until midnight...
Error in scheduler loop: sleep length must be non-negative
Waiting -6488.1 seconds until midnight...
Error in scheduler loop: sleep length must be non-negative
Started earnings reset scheduler
Waiting -6514.2 seconds until midnight...
Error in scheduler loop: sleep length must be non-negative
Started earnings reset scheduler
Waiting -6515.5 seconds until midnight...
Error in scheduler loop: sleep length must be non-negative
Waiting -6574.2 seconds until midnight...
Error in scheduler loop: sleep length must be non-negative
Waiting -6575.5 seconds until midnight...
Error in scheduler loop: sleep length must be non-negative
Started earnings reset scheduler
Waiting -6596.7 seconds until midnight...
Error in scheduler loop: sleep length must be non-negative
Started earnings reset scheduler
Waiting -6605.2 seconds until midnight...
Error in scheduler loop: sleep length must be non-negative
Waiting -6634.2 seconds until midnight...
Error in scheduler loop: sleep length must be non-negative
Waiting -6641.1 seconds until midnight...
Started earnings reset scheduler
Error in scheduler loop: sleep length must be non-negative
Waiting -6694.2 seconds until midnight...
Error in scheduler loop: sleep length must be non-negative
Waiting -6701.1 seconds until midnight...
Error in scheduler loop: sleep length must be non-negative
Started earnings reset scheduler
Waiting -6713.8 seconds until midnight...
Error in scheduler loop: sleep length must be non-negative
Started earnings reset scheduler
Waiting -6750.0 seconds until midnight...
Error in scheduler loop: sleep length must be non-negative
Waiting -6754.2 seconds until midnight...
Error in scheduler loop: sleep length must be non-negative
Started earnings reset scheduler
Waiting -6776.6 seconds until midnight...
Error in scheduler loop: sleep length must be non-negative
Started earnings reset scheduler
Waiting -6789.8 seconds until midnight...
Error in scheduler loop: sleep length must be non-negative
Waiting -6814.2 seconds until midnight...
Error in scheduler loop: sleep length must be non-negative
Waiting -6849.8 seconds until midnight...
Error in scheduler loop: sleep length must be non-negative
Waiting -6874.2 seconds until midnight...
Error in scheduler loop: sleep length must be non-negative
Started earnings reset scheduler
Waiting -6886.5 seconds until midnight...
Error in scheduler loop: sleep length must be non-negative
Started earnings reset scheduler
Waiting -6918.4 seconds until midnight...
Error in scheduler loop: sleep length must be non-negative
Waiting -6934.2 seconds until midnight...
Error in scheduler loop: sleep length must be non-negative
Started earnings reset scheduler
Waiting -6968.4 seconds until midnight...
Error in scheduler loop: sleep length must be non-negative
Waiting -6994.2 seconds until midnight...
Error in scheduler loop: sleep length must be non-negative
Waiting -7028.4 seconds until midnight...
Error in scheduler loop: sleep length must be non-negative
Started earnings reset scheduler
Waiting -7039.9 seconds until midnight...
Error in scheduler loop: sleep length must be non-negative
Waiting -7054.2 seconds until midnight...
Error in scheduler loop: sleep length must be non-negative
Started earnings reset scheduler
Waiting -7089.7 seconds until midnight...
Error in scheduler loop: sleep length must be non-negative
Waiting -7114.2 seconds until midnight...
Error in scheduler loop: sleep length must be non-negative
Started earnings reset scheduler
Waiting -7143.3 seconds until midnight...
Error in scheduler loop: sleep length must be non-negative
Waiting -7174.2 seconds until midnight...
Error in scheduler loop: sleep length must be non-negative
Started earnings reset scheduler
Waiting -7198.8 seconds until midnight...
Error in scheduler loop: sleep length must be non-negative
Waiting -7234.2 seconds until midnight...
Error in scheduler loop: sleep length must be non-negative
Waiting -7258.8 seconds until midnight...
Error in scheduler loop: sleep length must be non-negative
Waiting -7294.2 seconds until midnight...
Error in scheduler loop: sleep length must be non-negative
Waiting -7318.8 seconds until midnight...
Error in scheduler loop: sleep length must be non-negative
Waiting -7354.2 seconds until midnight...
Error in scheduler loop: sleep length must be non-negative
Waiting -7378.8 seconds until midnight...
Error in scheduler loop: sleep length must be non-negative
Started earnings reset scheduler
Waiting -7385.1 seconds until midnight...
Error in scheduler loop: sleep length must be non-negative
Waiting -7414.3 seconds until midnight...
Error in scheduler loop: sleep length must be non-negative
Waiting -7445.1 seconds until midnight...
Error in scheduler loop: sleep length must be non-negative
Waiting -7474.3 seconds until midnight...
Error in scheduler loop: sleep length must be non-negative
Started earnings reset scheduler
Waiting -7475.4 seconds until midnight...
Error in scheduler loop: sleep length must be non-negative
Started earnings reset scheduler
Waiting -7485.2 seconds until midnight...
Error in scheduler loop: sleep length must be non-negative
Waiting -7534.3 seconds until midnight...
Error in scheduler loop: sleep length must be non-negative
Waiting -7545.2 seconds until midnight...
Error in scheduler loop: sleep length must be non-negative
Waiting -7594.3 seconds until midnight...
Error in scheduler loop: sleep length must be non-negative
Waiting -7605.2 seconds until midnight...
Error in scheduler loop: sleep length must be non-negative
Waiting -7654.3 seconds until midnight...
Error in scheduler loop: sleep length must be non-negative
Waiting -7665.2 seconds until midnight...
Error in scheduler loop: sleep length must be non-negative
Waiting -7714.3 seconds until midnight...
Error in scheduler loop: sleep length must be non-negative
Waiting -7725.2 seconds until midnight...
Error in scheduler loop: sleep length must be non-negative
Started earnings reset scheduler
Waiting -7749.9 seconds until midnight...
Error in scheduler loop: sleep length must be non-negative
Waiting -7774.3 seconds until midnight...
Error in scheduler loop: sleep length must be non-negative
Waiting -7809.9 seconds until midnight...
Error in scheduler loop: sleep length must be non-negative
Started earnings reset scheduler
Waiting -7832.2 seconds until midnight...
Error in scheduler loop: sleep length must be non-negative
Waiting -7834.3 seconds until midnight...
Error in scheduler loop: sleep length must be non-negative
Waiting -7892.2 seconds until midnight...
Error in scheduler loop: sleep length must be non-negative
Waiting -7894.3 seconds until midnight...
Error in scheduler loop: sleep length must be non-negative
Waiting -7952.2 seconds until midnight...
Error in scheduler loop: sleep length must be non-negative
Waiting -7954.3 seconds until midnight...
Error in scheduler loop: sleep length must be non-negative
Started earnings reset scheduler
Waiting -8007.5 seconds until midnight...
Error in scheduler loop: sleep length must be non-negative
Waiting -8014.3 seconds until midnight...
Error in scheduler loop: sleep length must be non-negative
Started earnings reset scheduler
Waiting -8043.4 seconds until midnight...
Error in scheduler loop: sleep length must be non-negative
Waiting -8074.3 seconds until midnight...
Error in scheduler loop: sleep length must be non-negative
Waiting -8103.4 seconds until midnight...
Error in scheduler loop: sleep length must be non-negative
Waiting -8134.3 seconds until midnight...
Error in scheduler loop: sleep length must be non-negative
Waiting -8163.4 seconds until midnight...
Error in scheduler loop: sleep length must be non-negative
Started earnings reset scheduler
Waiting -8173.2 seconds until midnight...
Error in scheduler loop: sleep length must be non-negative
Started earnings reset scheduler
Waiting -8182.8 seconds until midnight...
Error in scheduler loop: sleep length must be non-negative
Waiting -8194.3 seconds until midnight...
Error in scheduler loop: sleep length must be non-negative
Started earnings reset scheduler
Waiting -8237.2 seconds until midnight...
Error in scheduler loop: sleep length must be non-negative
Waiting -8254.3 seconds until midnight...
Error in scheduler loop: sleep length must be non-negative
Waiting -8297.2 seconds until midnight...
Error in scheduler loop: sleep length must be non-negative
Waiting -8314.3 seconds until midnight...
Error in scheduler loop: sleep length must be non-negative
Waiting -8357.2 seconds until midnight...
Error in scheduler loop: sleep length must be non-negative
Waiting -8374.3 seconds until midnight...
Error in scheduler loop: sleep length must be non-negative
Waiting -8417.2 seconds until midnight...
Error in scheduler loop: sleep length must be non-negative
Waiting -8434.3 seconds until midnight...
Error in scheduler loop: sleep length must be non-negative
Waiting -8477.2 seconds until midnight...
Error in scheduler loop: sleep length must be non-negative
Waiting -8494.3 seconds until midnight...
Error in scheduler loop: sleep length must be non-negative
Waiting -8537.2 seconds until midnight...
Error in scheduler loop: sleep length must be non-negative
Waiting -8554.3 seconds until midnight...
Error in scheduler loop: sleep length must be non-negative
Waiting -8597.2 seconds until midnight...
Error in scheduler loop: sleep length must be non-negative
Waiting -8614.3 seconds until midnight...
Error in scheduler loop: sleep length must be non-negative
Started earnings reset scheduler
Waiting -8660.2 seconds until midnight...
Error in scheduler loop: sleep length must be non-negative
Started earnings reset scheduler
Waiting -8673.6 seconds until midnight...
Error in scheduler loop: sleep length must be non-negative
Waiting -8674.3 seconds until midnight...
Error in scheduler loop: sleep length must be non-negative
Waiting -8733.7 seconds until midnight...
Error in scheduler loop: sleep length must be non-negative
Waiting -8734.3 seconds until midnight...
Error in scheduler loop: sleep length must be non-negative
Started earnings reset scheduler
Waiting -8742.3 seconds until midnight...
Error in scheduler loop: sleep length must be non-negative
Waiting -8794.3 seconds until midnight...
Error in scheduler loop: sleep length must be non-negative
Waiting -8802.3 seconds until midnight...
Error in scheduler loop: sleep length must be non-negative
Started earnings reset scheduler
Waiting -8849.3 seconds until midnight...
Error in scheduler loop: sleep length must be non-negative
Waiting -8854.3 seconds until midnight...
Error in scheduler loop: sleep length must be non-negative
Started earnings reset scheduler
Waiting -8869.5 seconds until midnight...
Error in scheduler loop: sleep length must be non-negative
Started earnings reset scheduler
Waiting -8879.2 seconds until midnight...
Error in scheduler loop: sleep length must be non-negative
Waiting -8914.3 seconds until midnight...
Error in scheduler loop: sleep length must be non-negative
Waiting -8939.2 seconds until midnight...
Error in scheduler loop: sleep length must be non-negative
Waiting -8974.3 seconds until midnight...
Error in scheduler loop: sleep length must be non-negative
Started earnings reset scheduler
Waiting -8975.3 seconds until midnight...
Error in scheduler loop: sleep length must be non-negative
Started earnings reset scheduler
Waiting -8982.3 seconds until midnight...
Error in scheduler loop: sleep length must be non-negative
Started earnings reset scheduler
Waiting -9016.0 seconds until midnight...
Error in scheduler loop: sleep length must be non-negative
Started earnings reset scheduler
Waiting -9030.1 seconds until midnight...
Error in scheduler loop: sleep length must be non-negative
Waiting -9034.3 seconds until midnight...
Error in scheduler loop: sleep length must be non-negative
Started earnings reset scheduler
Waiting -9047.4 seconds until midnight...
Error in scheduler loop: sleep length must be non-negative
Started earnings reset scheduler
Waiting -9065.0 seconds until midnight...
Error in scheduler loop: sleep length must be non-negative
Waiting -9094.3 seconds until midnight...
Error in scheduler loop: sleep length must be non-negative
Started earnings reset scheduler
Waiting -9113.0 seconds until midnight...
Error in scheduler loop: sleep length must be non-negative
Started earnings reset scheduler
Waiting -9137.3 seconds until midnight...
Error in scheduler loop: sleep length must be non-negative
Waiting -9154.3 seconds until midnight...
Error in scheduler loop: sleep length must be non-negative
Waiting -9197.3 seconds until midnight...
Error in scheduler loop: sleep length must be non-negative
Waiting -9214.3 seconds until midnight...
Error in scheduler loop: sleep length must be non-negative
Waiting -9257.3 seconds until midnight...
Error in scheduler loop: sleep length must be non-negative
Waiting -9274.3 seconds until midnight...
Error in scheduler loop: sleep length must be non-negative
Waiting -9317.3 seconds until midnight...
Error in scheduler loop: sleep length must be non-negative
Waiting -9334.3 seconds until midnight...
Error in scheduler loop: sleep length must be non-negative
Waiting -9377.3 seconds until midnight...
Error in scheduler loop: sleep length must be non-negative
Waiting -9394.3 seconds until midnight...
Error in scheduler loop: sleep length must be non-negative
Waiting -9437.3 seconds until midnight...
Error in scheduler loop: sleep length must be non-negative
Waiting -9454.3 seconds until midnight...
Error in scheduler loop: sleep length must be non-negative
Started earnings reset scheduler
Waiting -9468.4 seconds until midnight...
Error in scheduler loop: sleep length must be non-negative
Waiting -9514.3 seconds until midnight...
Error in scheduler loop: sleep length must be non-negative
Waiting -9528.4 seconds until midnight...
Error in scheduler loop: sleep length must be non-negative
Waiting -9574.3 seconds until midnight...
Error in scheduler loop: sleep length must be non-negative
Started earnings reset scheduler
Waiting -9586.7 seconds until midnight...
Error in scheduler loop: sleep length must be non-negative
Waiting -9634.3 seconds until midnight...
Error in scheduler loop: sleep length must be non-negative
Waiting -9646.7 seconds until midnight...
Error in scheduler loop: sleep length must be non-negative
Started earnings reset scheduler
Waiting -9674.9 seconds until midnight...
Error in scheduler loop: sleep length must be non-negative
Waiting -9694.3 seconds until midnight...
Error in scheduler loop: sleep length must be non-negative
Waiting -9734.9 seconds until midnight...
Error in scheduler loop: sleep length must be non-negative
Waiting -9754.3 seconds until midnight...
Error in scheduler loop: sleep length must be non-negative
Waiting -9794.9 seconds until midnight...
Error in scheduler loop: sleep length must be non-negative
Waiting -9814.3 seconds until midnight...
Error in scheduler loop: sleep length must be non-negative
Started earnings reset scheduler
Waiting -9827.0 seconds until midnight...
Error in scheduler loop: sleep length must be non-negative
Started earnings reset scheduler
Waiting -9859.0 seconds until midnight...
Error in scheduler loop: sleep length must be non-negative
Waiting -9874.3 seconds until midnight...
Error in scheduler loop: sleep length must be non-negative
Waiting -9919.0 seconds until midnight...
Error in scheduler loop: sleep length must be non-negative
Waiting -9934.3 seconds until midnight...
Error in scheduler loop: sleep length must be non-negative
Waiting -9979.0 seconds until midnight...
Error in scheduler loop: sleep length must be non-negative
Waiting -9994.3 seconds until midnight...
Error in scheduler loop: sleep length must be non-negative
Waiting -10039.0 seconds until midnight...
Error in scheduler loop: sleep length must be non-negative
Waiting -10054.4 seconds until midnight...
Error in scheduler loop: sleep length must be non-negative
Waiting -10099.0 seconds until midnight...
Error in scheduler loop: sleep length must be non-negative
Waiting -10114.4 seconds until midnight...
Error in scheduler loop: sleep length must be non-negative
Waiting -10159.0 seconds until midnight...
Error in scheduler loop: sleep length must be non-negative
Started earnings reset scheduler
Waiting -10167.0 seconds until midnight...
Error in scheduler loop: sleep length must be non-negative
Waiting -10174.4 seconds until midnight...
Error in scheduler loop: sleep length must be non-negative
Started earnings reset scheduler
Waiting -10194.5 seconds until midnight...
Error in scheduler loop: sleep length must be non-negative
Waiting -10234.4 seconds until midnight...
Error in scheduler loop: sleep length must be non-negative
Waiting -10254.5 seconds until midnight...
Error in scheduler loop: sleep length must be non-negative
Waiting -10294.4 seconds until midnight...
Error in scheduler loop: sleep length must be non-negative
Waiting -10314.5 seconds until midnight...
Error in scheduler loop: sleep length must be non-negative
Waiting -10354.4 seconds until midnight...
Error in scheduler loop: sleep length must be non-negative
Waiting -10374.5 seconds until midnight...
Error in scheduler loop: sleep length must be non-negative
Waiting -10414.4 seconds until midnight...
Error in scheduler loop: sleep length must be non-negative
Waiting -10434.5 seconds until midnight...
Error in scheduler loop: sleep length must be non-negative
Waiting -10474.4 seconds until midnight...
Error in scheduler loop: sleep length must be non-negative
Waiting -10494.5 seconds until midnight...
Error in scheduler loop: sleep length must be non-negative
Waiting -10534.4 seconds until midnight...
Error in scheduler loop: sleep length must be non-negative
Waiting -10554.5 seconds until midnight...
Error in scheduler loop: sleep length must be non-negative
Waiting -10594.4 seconds until midnight...
Error in scheduler loop: sleep length must be non-negative
Waiting -10614.5 seconds until midnight...
Error in scheduler loop: sleep length must be non-negative
Waiting -10654.4 seconds until midnight...
Error in scheduler loop: sleep length must be non-negative
Waiting -10674.5 seconds until midnight...
Error in scheduler loop: sleep length must be non-negative
Waiting -10714.4 seconds until midnight...
Error in scheduler loop: sleep length must be non-negative
Waiting -10734.6 seconds until midnight...
Error in scheduler loop: sleep length must be non-negative
Waiting -10774.4 seconds until midnight...
Error in scheduler loop: sleep length must be non-negative
Started earnings reset scheduler
Waiting -10791.3 seconds until midnight...
Error in scheduler loop: sleep length must be non-negative
Waiting -10834.4 seconds until midnight...
Error in scheduler loop: sleep length must be non-negative
Waiting -10851.3 seconds until midnight...
Error in scheduler loop: sleep length must be non-negative
Waiting -10894.4 seconds until midnight...
Error in scheduler loop: sleep length must be non-negative
Started earnings reset scheduler
Waiting -10910.3 seconds until midnight...
Error in scheduler loop: sleep length must be non-negative
Started earnings reset scheduler
Waiting -10937.1 seconds until midnight...
Error in scheduler loop: sleep length must be non-negative
Waiting -10954.4 seconds until midnight...
Error in scheduler loop: sleep length must be non-negative
Started earnings reset scheduler
Waiting -10996.9 seconds until midnight...
Error in scheduler loop: sleep length must be non-negative
Waiting -11014.4 seconds until midnight...
Error in scheduler loop: sleep length must be non-negative
Started earnings reset scheduler
Waiting -11028.3 seconds until midnight...
Error in scheduler loop: sleep length must be non-negative
Waiting -11074.4 seconds until midnight...
Error in scheduler loop: sleep length must be non-negative
Waiting -11088.3 seconds until midnight...
Error in scheduler loop: sleep length must be non-negative
Waiting -11134.4 seconds until midnight...
Error in scheduler loop: sleep length must be non-negative
Waiting -11148.3 seconds until midnight...
Error in scheduler loop: sleep length must be non-negative
Started earnings reset scheduler
Waiting -11152.7 seconds until midnight...
Error in scheduler loop: sleep length must be non-negative
Waiting -11194.4 seconds until midnight...
Error in scheduler loop: sleep length must be non-negative
Started earnings reset scheduler
Waiting -11204.3 seconds until midnight...
Error in scheduler loop: sleep length must be non-negative
Started earnings reset scheduler
Waiting -11227.7 seconds until midnight...
Error in scheduler loop: sleep length must be non-negative
Waiting -11254.4 seconds until midnight...
Error in scheduler loop: sleep length must be non-negative
Waiting -11287.7 seconds until midnight...
Error in scheduler loop: sleep length must be non-negative
Waiting -11314.4 seconds until midnight...
Error in scheduler loop: sleep length must be non-negative
Waiting -11347.7 seconds until midnight...
Error in scheduler loop: sleep length must be non-negative
Waiting -11374.4 seconds until midnight...
Error in scheduler loop: sleep length must be non-negative
Waiting -11407.7 seconds until midnight...
Error in scheduler loop: sleep length must be non-negative
Waiting -11434.4 seconds until midnight...
Error in scheduler loop: sleep length must be non-negative
Waiting -11467.7 seconds until midnight...
Error in scheduler loop: sleep length must be non-negative
Started earnings reset scheduler
Waiting -11479.8 seconds until midnight...
Error in scheduler loop: sleep length must be non-negative
Waiting -11494.4 seconds until midnight...
Error in scheduler loop: sleep length must be non-negative
Started earnings reset scheduler
Waiting -11540.9 seconds until midnight...
Error in scheduler loop: sleep length must be non-negative
Waiting -11554.4 seconds until midnight...
Error in scheduler loop: sleep length must be non-negative
Waiting -11600.9 seconds until midnight...
Error in scheduler loop: sleep length must be non-negative
Waiting -11614.4 seconds until midnight...
Error in scheduler loop: sleep length must be non-negative
Waiting -11660.9 seconds until midnight...
Error in scheduler loop: sleep length must be non-negative
Waiting -11674.4 seconds until midnight...
Error in scheduler loop: sleep length must be non-negative
Started earnings reset scheduler
Waiting -11704.7 seconds until midnight...
Error in scheduler loop: sleep length must be non-negative
Waiting -11734.4 seconds until midnight...
Error in scheduler loop: sleep length must be non-negative
Started earnings reset scheduler
Waiting -11743.4 seconds until midnight...
Error in scheduler loop: sleep length must be non-negative
Waiting -11794.4 seconds until midnight...
Error in scheduler loop: sleep length must be non-negative
Waiting -11803.4 seconds until midnight...
Error in scheduler loop: sleep length must be non-negative
Waiting -11854.4 seconds until midnight...
Error in scheduler loop: sleep length must be non-negative
Waiting -11863.4 seconds until midnight...
Error in scheduler loop: sleep length must be non-negative
Started earnings reset scheduler
Waiting -11911.4 seconds until midnight...
Error in scheduler loop: sleep length must be non-negative
Waiting -11914.5 seconds until midnight...
Error in scheduler loop: sleep length must be non-negative
Started earnings reset scheduler
Waiting -11924.1 seconds until midnight...
Error in scheduler loop: sleep length must be non-negative
Started earnings reset scheduler
Waiting -11948.9 seconds until midnight...
Error in scheduler loop: sleep length must be non-negative
Waiting -11974.5 seconds until midnight...
Error in scheduler loop: sleep length must be non-negative
Waiting -12008.9 seconds until midnight...
Error in scheduler loop: sleep length must be non-negative
Waiting -12034.5 seconds until midnight...
Error in scheduler loop: sleep length must be non-negative
Started earnings reset scheduler
Waiting -12059.4 seconds until midnight...
Error in scheduler loop: sleep length must be non-negative
Waiting -12094.5 seconds until midnight...
Error in scheduler loop: sleep length must be non-negative
Started earnings reset scheduler
Waiting -12121.8 seconds until midnight...
Error in scheduler loop: sleep length must be non-negative
Waiting -12154.5 seconds until midnight...
Error in scheduler loop: sleep length must be non-negative
Waiting -12181.9 seconds until midnight...
Error in scheduler loop: sleep length must be non-negative
Started earnings reset scheduler
Waiting -12201.3 seconds until midnight...
Error in scheduler loop: sleep length must be non-negative
Waiting -12214.5 seconds until midnight...
Error in scheduler loop: sleep length must be non-negative
Waiting -12261.3 seconds until midnight...
Error in scheduler loop: sleep length must be non-negative
Waiting -12274.5 seconds until midnight...
Error in scheduler loop: sleep length must be non-negative
Started earnings reset scheduler
Waiting -12293.8 seconds until midnight...
Error in scheduler loop: sleep length must be non-negative
Started earnings reset scheduler
Waiting -12313.7 seconds until midnight...
Error in scheduler loop: sleep length must be non-negative
Waiting -12334.5 seconds until midnight...
Error in scheduler loop: sleep length must be non-negative
Waiting -12373.7 seconds until midnight...
Error in scheduler loop: sleep length must be non-negative
Started earnings reset scheduler
Waiting -12388.5 seconds until midnight...
Error in scheduler loop: sleep length must be non-negative
Waiting -12394.5 seconds until midnight...
Error in scheduler loop: sleep length must be non-negative
Waiting -12448.5 seconds until midnight...
Error in scheduler loop: sleep length must be non-negative
Waiting -12454.5 seconds until midnight...
Error in scheduler loop: sleep length must be non-negative
Waiting -12508.5 seconds until midnight...
Error in scheduler loop: sleep length must be non-negative
Waiting -12514.5 seconds until midnight...
Error in scheduler loop: sleep length must be non-negative
Waiting -12568.5 seconds until midnight...
Error in scheduler loop: sleep length must be non-negative
Waiting -12574.5 seconds until midnight...
Error in scheduler loop: sleep length must be non-negative
Waiting -12628.5 seconds until midnight...
Error in scheduler loop: sleep length must be non-negative
Waiting -12634.5 seconds until midnight...
Error in scheduler loop: sleep length must be non-negative
Started earnings reset scheduler
Waiting -12680.3 seconds until midnight...
Error in scheduler loop: sleep length must be non-negative
Waiting -12694.5 seconds until midnight...
Error in scheduler loop: sleep length must be non-negative
Started earnings reset scheduler
Waiting -12735.2 seconds until midnight...
Error in scheduler loop: sleep length must be non-negative
Waiting -12754.5 seconds until midnight...
Error in scheduler loop: sleep length must be non-negative
Waiting -12795.2 seconds until midnight...
Error in scheduler loop: sleep length must be non-negative
Started earnings reset scheduler
Waiting -12807.6 seconds until midnight...
Error in scheduler loop: sleep length must be non-negative
Waiting -12814.5 seconds until midnight...
Error in scheduler loop: sleep length must be non-negative
Waiting -12867.7 seconds until midnight...
Error in scheduler loop: sleep length must be non-negative
Waiting -12874.5 seconds until midnight...
Error in scheduler loop: sleep length must be non-negative
Waiting -12927.7 seconds until midnight...
Error in scheduler loop: sleep length must be non-negative
Waiting -12934.5 seconds until midnight...
Error in scheduler loop: sleep length must be non-negative
Started earnings reset scheduler
Waiting -12938.0 seconds until midnight...
Error in scheduler loop: sleep length must be non-negative
Waiting -12994.5 seconds until midnight...
Error in scheduler loop: sleep length must be non-negative
Waiting -12998.0 seconds until midnight...
Error in scheduler loop: sleep length must be non-negative
Started earnings reset scheduler
Waiting -13025.2 seconds until midnight...
Error in scheduler loop: sleep length must be non-negative
Waiting -13054.5 seconds until midnight...
Error in scheduler loop: sleep length must be non-negative
Waiting -13085.2 seconds until midnight...
Error in scheduler loop: sleep length must be non-negative
Waiting -13114.5 seconds until midnight...
Error in scheduler loop: sleep length must be non-negative
Started earnings reset scheduler
Waiting -13147.7 seconds until midnight...
Error in scheduler loop: sleep length must be non-negative
Waiting -13174.5 seconds until midnight...
Error in scheduler loop: sleep length must be non-negative
Started earnings reset scheduler
Waiting -13484.4 seconds until midnight...
Error in scheduler loop: sleep length must be non-negative
Started earnings reset scheduler
Waiting -13485.9 seconds until midnight...
Error in scheduler loop: sleep length must be non-negative
Waiting -13544.5 seconds until midnight...
Error in scheduler loop: sleep length must be non-negative
Waiting -13545.9 seconds until midnight...
Error in scheduler loop: sleep length must be non-negative
Waiting -13604.5 seconds until midnight...
Error in scheduler loop: sleep length must be non-negative
Waiting -13605.9 seconds until midnight...
Error in scheduler loop: sleep length must be non-negative
Started earnings reset scheduler
Waiting -13618.7 seconds until midnight...
Error in scheduler loop: sleep length must be non-negative
Waiting -13664.5 seconds until midnight...
Error in scheduler loop: sleep length must be non-negative
Started earnings reset scheduler
Waiting -13680.2 seconds until midnight...
Error in scheduler loop: sleep length must be non-negative
Started earnings reset scheduler
Waiting -13698.0 seconds until midnight...
Error in scheduler loop: sleep length must be non-negative
Started earnings reset scheduler
Waiting -13715.4 seconds until midnight...
Error in scheduler loop: sleep length must be non-negative
Waiting -13724.5 seconds until midnight...
Error in scheduler loop: sleep length must be non-negative
Started earnings reset scheduler
Waiting -13729.8 seconds until midnight...
Error in scheduler loop: sleep length must be non-negative
Waiting -13784.5 seconds until midnight...
Error in scheduler loop: sleep length must be non-negative
Started earnings reset scheduler
Waiting -13788.9 seconds until midnight...
Error in scheduler loop: sleep length must be non-negative
Waiting -13844.5 seconds until midnight...
Error in scheduler loop: sleep length must be non-negative
Waiting -13848.9 seconds until midnight...
Error in scheduler loop: sleep length must be non-negative
Waiting -13904.5 seconds until midnight...
Error in scheduler loop: sleep length must be non-negative
Waiting -13908.9 seconds until midnight...
Error in scheduler loop: sleep length must be non-negative
Started earnings reset scheduler
Waiting 2509.1 seconds until midnight...
Started earnings reset scheduler
Waiting 2507.6 seconds until midnight...
Started earnings reset scheduler
Waiting 2443.4 seconds until midnight...
Started earnings reset scheduler
Waiting 2442.1 seconds until midnight...
Started earnings reset scheduler
Waiting 2292.0 seconds until midnight...
Started earnings reset scheduler
Waiting 2272.7 seconds until midnight...
Started earnings reset scheduler
Waiting 1818.7 seconds until midnight...
Started earnings reset scheduler
Waiting 1769.2 seconds until midnight...
Started earnings reset scheduler
Waiting 1192.1 seconds until midnight...
Started earnings reset scheduler
Waiting 852.2 seconds until midnight...
Started earnings reset scheduler
Waiting 295.1 seconds until midnight...
Started earnings reset scheduler
Waiting 258.0 seconds until midnight...
Waiting 247.9 seconds until midnight...
Started earnings reset scheduler
Started earnings reset scheduler
Waiting 210.2 seconds until midnight...
Started earnings reset scheduler
Waiting 201.7 seconds until midnight...
Started earnings reset scheduler
Waiting 192.6 seconds until midnight...
Started earnings reset scheduler
Waiting 183.0 seconds until midnight...
Started earnings reset scheduler
Waiting 153.5 seconds until midnight...
Started earnings reset scheduler
Waiting 142.5 seconds until midnight...
Midnight - Resetting earnings...
Midnight - Resetting earnings...
Midnight - Resetting earnings...
Error during reset: RiderEarning() got unexpected keyword arguments: 'commission', 'gst'
Waiting -0.1 seconds until midnight...
Error in scheduler loop: sleep length must be non-negative
Error during reset: RiderEarning() got unexpected keyword arguments: 'commission', 'gst'
Waiting -0.1 seconds until midnight...
Error in scheduler loop: sleep length must be non-negative
Error during reset: RiderEarning() got unexpected keyword arguments: 'commission', 'gst'
Waiting -0.2 seconds until midnight...
Error in scheduler loop: sleep length must be non-negative
Waiting -60.1 seconds until midnight...
Error in scheduler loop: sleep length must be non-negative
Waiting -60.1 seconds until midnight...
Error in scheduler loop: sleep length must be non-negative
Waiting -60.2 seconds until midnight...
Error in scheduler loop: sleep length must be non-negative
Waiting -120.1 seconds until midnight...
Error in scheduler loop: sleep length must be non-negative
Waiting -120.1 seconds until midnight...
Error in scheduler loop: sleep length must be non-negative
Waiting -120.2 seconds until midnight...
Error in scheduler loop: sleep length must be non-negative
Waiting -180.1 seconds until midnight...
Error in scheduler loop: sleep length must be non-negative
Waiting -180.1 seconds until midnight...
Error in scheduler loop: sleep length must be non-negative
Waiting -180.2 seconds until midnight...
Error in scheduler loop: sleep length must be non-negative
Waiting -240.1 seconds until midnight...
Error in scheduler loop: sleep length must be non-negative
Waiting -240.1 seconds until midnight...
Error in scheduler loop: sleep length must be non-negative
Waiting -240.2 seconds until midnight...
Error in scheduler loop: sleep length must be non-negative
Started earnings reset scheduler
Waiting 39382.1 seconds until midnight...
Started earnings reset scheduler
Waiting 39376.9 seconds until midnight...
Started earnings reset scheduler
Waiting 37172.1 seconds until midnight...
Started earnings reset scheduler
Waiting 37100.7 seconds until midnight...
Started earnings reset scheduler
Waiting 37089.9 seconds until midnight...
Started earnings reset scheduler
Waiting 37070.6 seconds until midnight...
Started earnings reset scheduler
Waiting 37050.3 seconds until midnight...
Started earnings reset scheduler
Waiting 36933.5 seconds until midnight...
Started earnings reset scheduler
Waiting 36585.4 seconds until midnight...
Started earnings reset scheduler
Waiting 36438.0 seconds until midnight...
Started earnings reset scheduler
Waiting 36070.6 seconds until midnight...
Waiting 36045.7 seconds until midnight...
Started earnings reset scheduler
Started earnings reset scheduler
Waiting 36011.0 seconds until midnight...
Started earnings reset scheduler
Waiting 25401.4 seconds until midnight...
Started earnings reset scheduler
Waiting 25379.9 seconds until midnight...
Waiting 25373.8 seconds until midnight...
Started earnings reset scheduler
Started earnings reset scheduler
Waiting 23590.9 seconds until midnight...
Started earnings reset scheduler
Waiting 23402.7 seconds until midnight...
Started earnings reset scheduler
Waiting 23073.0 seconds until midnight...
Waiting 17241.3 seconds until midnight...
Started earnings reset scheduler
Started earnings reset scheduler
Waiting 15562.5 seconds until midnight...
Started earnings reset scheduler
Waiting 15154.2 seconds until midnight...
Started earnings reset scheduler
Waiting 14711.7 seconds until midnight...
Waiting 13287.7 seconds until midnight...
Started earnings reset scheduler
Started earnings reset scheduler
Waiting 13266.9 seconds until midnight...
Started earnings reset scheduler
Waiting 12147.4 seconds until midnight...
Started earnings reset scheduler
Waiting 12072.0 seconds until midnight...
Started earnings reset scheduler
Waiting 11944.6 seconds until midnight...
Started earnings reset scheduler
Waiting 11794.0 seconds until midnight...
Started earnings reset scheduler
Waiting 11709.6 seconds until midnight...
Started earnings reset scheduler
Waiting 11632.5 seconds until midnight...
Started earnings reset scheduler
Waiting 11604.3 seconds until midnight...
Started earnings reset scheduler
Waiting 11571.0 seconds until midnight...
Started earnings reset scheduler
Waiting 11554.2 seconds until midnight...
Started earnings reset scheduler
Waiting 11506.9 seconds until midnight...
Started earnings reset scheduler
Waiting 11493.2 seconds until midnight...
Started earnings reset scheduler
Waiting 6940.8 seconds until midnight...
Waiting 6721.3 seconds until midnight...
Started earnings reset scheduler
Started earnings reset scheduler
Waiting 3602.4 seconds until midnight...
Started earnings reset scheduler
Waiting 3392.1 seconds until midnight...
Started earnings reset scheduler
Waiting 2973.8 seconds until midnight...
Started earnings reset scheduler
Waiting 2598.8 seconds until midnight...
Started earnings reset scheduler
Waiting 2400.8 seconds until midnight...
Waiting 2368.0 seconds until midnight...
Started earnings reset scheduler
Waiting 2264.4 seconds until midnight...
Started earnings reset scheduler
Started earnings reset scheduler
Waiting 2253.4 seconds until midnight...
Started earnings reset scheduler
Waiting 2150.0 seconds until midnight...
Waiting 2076.0 seconds until midnight...
Started earnings reset scheduler
Started earnings reset scheduler
Waiting 1898.0 seconds until midnight...
Started earnings reset scheduler
Waiting 1874.7 seconds until midnight...
Started earnings reset scheduler
Waiting 1812.0 seconds until midnight...
Started earnings reset scheduler
Waiting 609.7 seconds until midnight...
Started earnings reset scheduler
Waiting 489.9 seconds until midnight...
Started earnings reset scheduler
Waiting 357.0 seconds until midnight...
Started earnings reset scheduler
Waiting 210.3 seconds until midnight...
Midnight - Resetting earnings...
Error during reset: RiderEarning() got unexpected keyword arguments: 'commission', 'gst'
Waiting -0.1 seconds until midnight...
Error in scheduler loop: sleep length must be non-negative
Waiting -60.1 seconds until midnight...
Error in scheduler loop: sleep length must be non-negative
Waiting -120.2 seconds until midnight...
Error in scheduler loop: sleep length must be non-negative
Started earnings reset scheduler
Waiting -143.6 seconds until midnight...
Error in scheduler loop: sleep length must be non-negative
Waiting -203.6 seconds until midnight...
Error in scheduler loop: sleep length must be non-negative
Waiting -263.7 seconds until midnight...
Error in scheduler loop: sleep length must be non-negative
Started earnings reset scheduler
Waiting -288.9 seconds until midnight...
Error in scheduler loop: sleep length must be non-negative
Waiting -349.0 seconds until midnight...
Error in scheduler loop: sleep length must be non-negative
Waiting -409.0 seconds until midnight...
Error in scheduler loop: sleep length must be non-negative
Waiting -469.0 seconds until midnight...
Error in scheduler loop: sleep length must be non-negative
Waiting -529.0 seconds until midnight...
Error in scheduler loop: sleep length must be non-negative
Waiting -589.0 seconds until midnight...
Error in scheduler loop: sleep length must be non-negative
Waiting -649.0 seconds until midnight...
Error in scheduler loop: sleep length must be non-negative
Waiting -709.0 seconds until midnight...
Error in scheduler loop: sleep length must be non-negative
Waiting -769.2 seconds until midnight...
Error in scheduler loop: sleep length must be non-negative
Waiting -829.2 seconds until midnight...
Error in scheduler loop: sleep length must be non-negative
Waiting -889.2 seconds until midnight...
Error in scheduler loop: sleep length must be non-negative
Waiting -949.2 seconds until midnight...
Error in scheduler loop: sleep length must be non-negative
Waiting -1009.2 seconds until midnight...
Error in scheduler loop: sleep length must be non-negative
Waiting -1069.2 seconds until midnight...
Error in scheduler loop: sleep length must be non-negative
Waiting -1129.2 seconds until midnight...
Error in scheduler loop: sleep length must be non-negative
Waiting -1189.2 seconds until midnight...
Error in scheduler loop: sleep length must be non-negative
Waiting -1249.2 seconds until midnight...
Error in scheduler loop: sleep length must be non-negative
Waiting -1309.2 seconds until midnight...
Error in scheduler loop: sleep length must be non-negative
Waiting -1369.2 seconds until midnight...
Error in scheduler loop: sleep length must be non-negative
Waiting -1429.2 seconds until midnight...
Error in scheduler loop: sleep length must be non-negative
Waiting -1489.2 seconds until midnight...
Error in scheduler loop: sleep length must be non-negative
Started earnings reset scheduler
Waiting -1553.1 seconds until midnight...
Error in scheduler loop: sleep length must be non-negative
Waiting -1613.2 seconds until midnight...
Error in scheduler loop: sleep length must be non-negative
Waiting -1673.2 seconds until midnight...
Error in scheduler loop: sleep length must be non-negative
Earnings error: [<class 'decimal.InvalidOperation'>]
Traceback (most recent call last):
  File "C:\Users\najar\Downloads\Liveshare workspace\rider_app\views.py", line 273, in rider_earnings
    return render(request, 'rider_app/earnings.html', context)
           ^^^^^^^^^^^^^^^^^^^^^^^^^^^^^^^^^^^^^^^^^^^^^^^^^^^
  File "C:\Python312\Lib\site-packages\django\shortcuts.py", line 25, in render
    content = loader.render_to_string(template_name, context, request, using=using)
              ^^^^^^^^^^^^^^^^^^^^^^^^^^^^^^^^^^^^^^^^^^^^^^^^^^^^^^^^^^^^^^^^^^^^^
  File "C:\Python312\Lib\site-packages\django\template\loader.py", line 62, in render_to_string
    return template.render(context, request)
           ^^^^^^^^^^^^^^^^^^^^^^^^^^^^^^^^^
  File "C:\Python312\Lib\site-packages\django\template\backends\django.py", line 107, in render
    return self.template.render(context)
           ^^^^^^^^^^^^^^^^^^^^^^^^^^^^^
  File "C:\Python312\Lib\site-packages\django\template\base.py", line 171, in render
    return self._render(context)
           ^^^^^^^^^^^^^^^^^^^^^
  File "C:\Python312\Lib\site-packages\django\template\base.py", line 163, in _render
    return self.nodelist.render(context)
           ^^^^^^^^^^^^^^^^^^^^^^^^^^^^^
  File "C:\Python312\Lib\site-packages\django\template\base.py", line 1016, in render
    return SafeString("".join([node.render_annotated(context) for node in self]))
                               ^^^^^^^^^^^^^^^^^^^^^^^^^^^^^^
  File "C:\Python312\Lib\site-packages\django\template\base.py", line 977, in render_annotated
    return self.render(context)
           ^^^^^^^^^^^^^^^^^^^^
  File "C:\Python312\Lib\site-packages\django\template\loader_tags.py", line 159, in render
    return compiled_parent._render(context)
           ^^^^^^^^^^^^^^^^^^^^^^^^^^^^^^^^
  File "C:\Python312\Lib\site-packages\django\template\base.py", line 163, in _render
    return self.nodelist.render(context)
           ^^^^^^^^^^^^^^^^^^^^^^^^^^^^^
  File "C:\Python312\Lib\site-packages\django\template\base.py", line 1016, in render
    return SafeString("".join([node.render_annotated(context) for node in self]))
                               ^^^^^^^^^^^^^^^^^^^^^^^^^^^^^^
  File "C:\Python312\Lib\site-packages\django\template\base.py", line 977, in render_annotated
    return self.render(context)
           ^^^^^^^^^^^^^^^^^^^^
  File "C:\Python312\Lib\site-packages\django\template\loader_tags.py", line 65, in render
    result = block.nodelist.render(context)
             ^^^^^^^^^^^^^^^^^^^^^^^^^^^^^^
  File "C:\Python312\Lib\site-packages\django\template\base.py", line 1016, in render
    return SafeString("".join([node.render_annotated(context) for node in self]))
                               ^^^^^^^^^^^^^^^^^^^^^^^^^^^^^^
  File "C:\Python312\Lib\site-packages\django\template\base.py", line 977, in render_annotated
    return self.render(context)
           ^^^^^^^^^^^^^^^^^^^^
  File "C:\Python312\Lib\site-packages\django\template\defaulttags.py", line 199, in render
    len_values = len(values)
                 ^^^^^^^^^^^
  File "C:\Python312\Lib\site-packages\django\db\models\query.py", line 366, in __len__
    self._fetch_all()
  File "C:\Python312\Lib\site-packages\django\db\models\query.py", line 1935, in _fetch_all
    self._result_cache = list(self._iterable_class(self))
                         ^^^^^^^^^^^^^^^^^^^^^^^^^^^^^^^^
  File "C:\Python312\Lib\site-packages\django\db\models\query.py", line 123, in __iter__
    for row in compiler.results_iter(results):
  File "C:\Python312\Lib\site-packages\django\db\models\sql\compiler.py", line 1540, in apply_converters
    value = converter(value, expression, connection)
            ^^^^^^^^^^^^^^^^^^^^^^^^^^^^^^^^^^^^^^^^
  File "C:\Python312\Lib\site-packages\django\db\backends\sqlite3\operations.py", line 346, in converter
    return create_decimal(value).quantize(
           ^^^^^^^^^^^^^^^^^^^^^^^^^^^^^^^
decimal.InvalidOperation: [<class 'decimal.InvalidOperation'>]
Waiting -1733.2 seconds until midnight...
Error in scheduler loop: sleep length must be non-negative
Waiting -1793.2 seconds until midnight...
Error in scheduler loop: sleep length must be non-negative
Waiting -1853.2 seconds until midnight...
Error in scheduler loop: sleep length must be non-negative
Started earnings reset scheduler
Waiting -1885.2 seconds until midnight...
Error in scheduler loop: sleep length must be non-negative
Started earnings reset scheduler
Waiting -1910.9 seconds until midnight...
Error in scheduler loop: sleep length must be non-negative
Started earnings reset scheduler
Waiting -1932.5 seconds until midnight...
Error in scheduler loop: sleep length must be non-negative
Waiting -1992.5 seconds until midnight...
Error in scheduler loop: sleep length must be non-negative
Waiting -2052.5 seconds until midnight...
Error in scheduler loop: sleep length must be non-negative
Waiting -2112.5 seconds until midnight...
Error in scheduler loop: sleep length must be non-negative
Waiting -2172.5 seconds until midnight...
Error in scheduler loop: sleep length must be non-negative
Waiting -2232.5 seconds until midnight...
Error in scheduler loop: sleep length must be non-negative
Waiting -2292.5 seconds until midnight...
Error in scheduler loop: sleep length must be non-negative
Waiting -2352.5 seconds until midnight...
Error in scheduler loop: sleep length must be non-negative
Waiting -2412.5 seconds until midnight...
Error in scheduler loop: sleep length must be non-negative
Started earnings reset scheduler
Waiting -2425.5 seconds until midnight...
Error in scheduler loop: sleep length must be non-negative
Waiting -2485.5 seconds until midnight...
Error in scheduler loop: sleep length must be non-negative
Waiting -2545.5 seconds until midnight...
Error in scheduler loop: sleep length must be non-negative
Waiting -2605.5 seconds until midnight...
Error in scheduler loop: sleep length must be non-negative
Waiting -2665.5 seconds until midnight...
Error in scheduler loop: sleep length must be non-negative
Waiting -2725.6 seconds until midnight...
Error in scheduler loop: sleep length must be non-negative
Waiting 53829.4 seconds until midnight...
Started earnings reset scheduler
Waiting 29956.3 seconds until midnight...
Started earnings reset scheduler
Waiting 29951.1 seconds until midnight...
Started earnings reset scheduler
Waiting 29943.9 seconds until midnight...
Started earnings reset scheduler
Waiting 29909.7 seconds until midnight...
Started earnings reset scheduler
Waiting 29870.8 seconds until midnight...
Started earnings reset scheduler
Waiting 29858.2 seconds until midnight...
Started earnings reset scheduler
Waiting 29815.3 seconds until midnight...
Started earnings reset scheduler
Waiting 29791.7 seconds until midnight...
Started earnings reset scheduler
Waiting 29644.2 seconds until midnight...
Started earnings reset scheduler
Waiting 29587.0 seconds until midnight...
Started earnings reset scheduler
Waiting 29546.0 seconds until midnight...
Started earnings reset scheduler
Waiting 29038.7 seconds until midnight...
Started earnings reset scheduler
Waiting 28880.7 seconds until midnight...
Started earnings reset scheduler
Waiting 28852.9 seconds until midnight...
Started earnings reset scheduler
Waiting 28629.2 seconds until midnight...
Started earnings reset scheduler
Waiting 28492.8 seconds until midnight...
Started earnings reset scheduler
Waiting 28455.1 seconds until midnight...
Started earnings reset scheduler
Waiting 27979.9 seconds until midnight...
Started earnings reset scheduler
Waiting 27919.6 seconds until midnight...
Started earnings reset scheduler
Waiting 27224.7 seconds until midnight...
Failed OTP attempt for order 32 by rider 1. Entered OTP: 2122
Failed OTP attempt for order 33 by rider 1. Entered OTP: 2222
Failed OTP attempt for order 33 by rider 1. Entered OTP: 2222
Failed OTP attempt for order 33 by rider 1. Entered OTP: 2222
Failed OTP attempt for order 33 by rider 1. Entered OTP: 2222
Failed OTP attempt for order 33 by rider 1. Entered OTP: 2222
Started earnings reset scheduler
Waiting 25757.6 seconds until midnight...
Started earnings reset scheduler
Waiting 25701.9 seconds until midnight...
Started earnings reset scheduler
Waiting 25661.5 seconds until midnight...
Started earnings reset scheduler
Waiting 25653.3 seconds until midnight...
Started earnings reset scheduler
Waiting 25586.1 seconds until midnight...
Started earnings reset scheduler
Waiting 25561.6 seconds until midnight...
Started earnings reset scheduler
Waiting 25553.1 seconds until midnight...
Started earnings reset scheduler
Waiting 25545.4 seconds until midnight...
Started earnings reset scheduler
Waiting 25522.9 seconds until midnight...
Started earnings reset scheduler
Waiting 25486.7 seconds until midnight...
Started earnings reset scheduler
Waiting 25482.3 seconds until midnight...
Failed OTP attempt for order 37 by rider 1. Entered OTP: 5454
Started earnings reset scheduler
Waiting 3236.9 seconds until midnight...
Failed OTP attempt for order 45 by rider 1. Entered OTP: 4459
Started earnings reset scheduler
Waiting 525.9 seconds until midnight...
Started earnings reset scheduler
Waiting 523.7 seconds until midnight...
Started earnings reset scheduler
Waiting 277.7 seconds until midnight...
Started earnings reset scheduler
Waiting 271.1 seconds until midnight...
Waiting 208.8 seconds until midnight...
Started earnings reset scheduler
Midnight - Resetting earnings...
Error during reset: RiderEarning() got unexpected keyword arguments: 'commission', 'gst'
Waiting -0.0 seconds until midnight...
Error in scheduler loop: sleep length must be non-negative
Midnight - Resetting earnings...
Error during reset: RiderEarning() got unexpected keyword arguments: 'commission', 'gst'
Waiting -0.0 seconds until midnight...
Error in scheduler loop: sleep length must be non-negative
Waiting -60.0 seconds until midnight...
Error in scheduler loop: sleep length must be non-negative
Waiting -60.1 seconds until midnight...
Error in scheduler loop: sleep length must be non-negative
Waiting -120.1 seconds until midnight...
Error in scheduler loop: sleep length must be non-negative
Waiting -120.1 seconds until midnight...
Error in scheduler loop: sleep length must be non-negative
Waiting -180.1 seconds until midnight...
Error in scheduler loop: sleep length must be non-negative
Waiting -180.1 seconds until midnight...
Error in scheduler loop: sleep length must be non-negative
Started earnings reset scheduler
Waiting -228.9 seconds until midnight...
Error in scheduler loop: sleep length must be non-negative
Waiting -240.1 seconds until midnight...
Error in scheduler loop: sleep length must be non-negative
Waiting -289.0 seconds until midnight...
Error in scheduler loop: sleep length must be non-negative
Waiting -300.1 seconds until midnight...
Error in scheduler loop: sleep length must be non-negative
Waiting -349.0 seconds until midnight...
Error in scheduler loop: sleep length must be non-negative
Waiting -360.2 seconds until midnight...
Error in scheduler loop: sleep length must be non-negative
Waiting -409.0 seconds until midnight...
Error in scheduler loop: sleep length must be non-negative
Waiting -420.2 seconds until midnight...
Error in scheduler loop: sleep length must be non-negative
Waiting -469.0 seconds until midnight...
Error in scheduler loop: sleep length must be non-negative
Waiting -480.2 seconds until midnight...
Error in scheduler loop: sleep length must be non-negative
Waiting -529.0 seconds until midnight...
Error in scheduler loop: sleep length must be non-negative
Waiting -540.3 seconds until midnight...
Error in scheduler loop: sleep length must be non-negative
Waiting -589.0 seconds until midnight...
Error in scheduler loop: sleep length must be non-negative
Waiting -600.3 seconds until midnight...
Error in scheduler loop: sleep length must be non-negative
Waiting -649.0 seconds until midnight...
Error in scheduler loop: sleep length must be non-negative
Started earnings reset scheduler
Waiting -657.0 seconds until midnight...
Error in scheduler loop: sleep length must be non-negative
Waiting -660.3 seconds until midnight...
Error in scheduler loop: sleep length must be non-negative
Started earnings reset scheduler
Waiting -705.0 seconds until midnight...
Error in scheduler loop: sleep length must be non-negative
Started earnings reset scheduler
Waiting -707.5 seconds until midnight...
Error in scheduler loop: sleep length must be non-negative
Waiting -720.3 seconds until midnight...
Error in scheduler loop: sleep length must be non-negative
Started earnings reset scheduler
Waiting -762.5 seconds until midnight...
Error in scheduler loop: sleep length must be non-negative
Waiting -780.3 seconds until midnight...
Error in scheduler loop: sleep length must be non-negative
Started earnings reset scheduler
Waiting -786.9 seconds until midnight...
Error in scheduler loop: sleep length must be non-negative
Started earnings reset scheduler
Waiting -791.9 seconds until midnight...
Error in scheduler loop: sleep length must be non-negative
Waiting -840.3 seconds until midnight...
Error in scheduler loop: sleep length must be non-negative
Waiting -846.9 seconds until midnight...
Error in scheduler loop: sleep length must be non-negative
Waiting -900.3 seconds until midnight...
Error in scheduler loop: sleep length must be non-negative
Waiting -906.9 seconds until midnight...
Error in scheduler loop: sleep length must be non-negative
Waiting -960.3 seconds until midnight...
Error in scheduler loop: sleep length must be non-negative
Waiting -966.9 seconds until midnight...
Error in scheduler loop: sleep length must be non-negative
Started earnings reset scheduler
Waiting -997.5 seconds until midnight...
Error in scheduler loop: sleep length must be non-negative
Waiting -1020.3 seconds until midnight...
Error in scheduler loop: sleep length must be non-negative
Waiting -1057.5 seconds until midnight...
Error in scheduler loop: sleep length must be non-negative
Waiting -1080.3 seconds until midnight...
Error in scheduler loop: sleep length must be non-negative
Started earnings reset scheduler
Waiting -1105.1 seconds until midnight...
Error in scheduler loop: sleep length must be non-negative
Waiting -1108.1 seconds until midnight...
Started earnings reset scheduler
Error in scheduler loop: sleep length must be non-negative
Waiting -1165.1 seconds until midnight...
Error in scheduler loop: sleep length must be non-negative
Waiting -1168.1 seconds until midnight...
Error in scheduler loop: sleep length must be non-negative
Waiting -1225.1 seconds until midnight...
Error in scheduler loop: sleep length must be non-negative
Waiting -1228.1 seconds until midnight...
Error in scheduler loop: sleep length must be non-negative
Waiting -1285.1 seconds until midnight...
Error in scheduler loop: sleep length must be non-negative
Waiting -1288.1 seconds until midnight...
Error in scheduler loop: sleep length must be non-negative
Waiting -1345.1 seconds until midnight...
Error in scheduler loop: sleep length must be non-negative
Waiting -1348.1 seconds until midnight...
Error in scheduler loop: sleep length must be non-negative
Waiting -1405.1 seconds until midnight...
Error in scheduler loop: sleep length must be non-negative
Waiting -1408.1 seconds until midnight...
Error in scheduler loop: sleep length must be non-negative
Waiting -1465.1 seconds until midnight...
Error in scheduler loop: sleep length must be non-negative
Waiting -1468.1 seconds until midnight...
Error in scheduler loop: sleep length must be non-negative
Waiting -1525.1 seconds until midnight...
Error in scheduler loop: sleep length must be non-negative
Waiting -1528.1 seconds until midnight...
Error in scheduler loop: sleep length must be non-negative
Waiting -1585.1 seconds until midnight...
Error in scheduler loop: sleep length must be non-negative
Started earnings reset scheduler
Waiting -1590.2 seconds until midnight...
Error in scheduler loop: sleep length must be non-negative
Started earnings reset scheduler
Waiting -1643.2 seconds until midnight...
Error in scheduler loop: sleep length must be non-negative
Waiting -1645.1 seconds until midnight...
Error in scheduler loop: sleep length must be non-negative
Started earnings reset scheduler
Waiting -1655.2 seconds until midnight...
Error in scheduler loop: sleep length must be non-negative
Started earnings reset scheduler
Waiting -1695.6 seconds until midnight...
Error in scheduler loop: sleep length must be non-negative
Waiting -1705.1 seconds until midnight...
Error in scheduler loop: sleep length must be non-negative
Started earnings reset scheduler
Waiting -1714.9 seconds until midnight...
Error in scheduler loop: sleep length must be non-negative
Waiting -1765.1 seconds until midnight...
Error in scheduler loop: sleep length must be non-negative
Waiting -1774.9 seconds until midnight...
Error in scheduler loop: sleep length must be non-negative
Waiting -1825.1 seconds until midnight...
Error in scheduler loop: sleep length must be non-negative
Waiting -1834.9 seconds until midnight...
Error in scheduler loop: sleep length must be non-negative
Waiting -1885.1 seconds until midnight...
Error in scheduler loop: sleep length must be non-negative
Waiting -1894.9 seconds until midnight...
Error in scheduler loop: sleep length must be non-negative
Waiting -1945.1 seconds until midnight...
Error in scheduler loop: sleep length must be non-negative
Waiting -1954.9 seconds until midnight...
Error in scheduler loop: sleep length must be non-negative
Waiting -2005.1 seconds until midnight...
Error in scheduler loop: sleep length must be non-negative
Waiting -2014.9 seconds until midnight...
Error in scheduler loop: sleep length must be non-negative
Waiting -2065.1 seconds until midnight...
Error in scheduler loop: sleep length must be non-negative
Waiting -2074.9 seconds until midnight...
Error in scheduler loop: sleep length must be non-negative
Waiting -2125.1 seconds until midnight...
Error in scheduler loop: sleep length must be non-negative
Waiting -2134.9 seconds until midnight...
Error in scheduler loop: sleep length must be non-negative
Waiting -2185.1 seconds until midnight...
Error in scheduler loop: sleep length must be non-negative
Waiting -2194.9 seconds until midnight...
Error in scheduler loop: sleep length must be non-negative
Waiting -2245.1 seconds until midnight...
Error in scheduler loop: sleep length must be non-negative
Waiting -2254.9 seconds until midnight...
Error in scheduler loop: sleep length must be non-negative
Waiting -2305.1 seconds until midnight...
Error in scheduler loop: sleep length must be non-negative
Waiting -2314.9 seconds until midnight...
Error in scheduler loop: sleep length must be non-negative
Waiting -2365.3 seconds until midnight...
Error in scheduler loop: sleep length must be non-negative
Waiting -2374.9 seconds until midnight...
Error in scheduler loop: sleep length must be non-negative
Waiting -2425.3 seconds until midnight...
Error in scheduler loop: sleep length must be non-negative
Waiting -2434.9 seconds until midnight...
Error in scheduler loop: sleep length must be non-negative
Waiting -2485.3 seconds until midnight...
Error in scheduler loop: sleep length must be non-negative
Waiting -2494.9 seconds until midnight...
Error in scheduler loop: sleep length must be non-negative
Waiting -2545.3 seconds until midnight...
Error in scheduler loop: sleep length must be non-negative
Waiting -2554.9 seconds until midnight...
Error in scheduler loop: sleep length must be non-negative
Waiting -2605.3 seconds until midnight...
Error in scheduler loop: sleep length must be non-negative
Waiting -2614.9 seconds until midnight...
Error in scheduler loop: sleep length must be non-negative
Waiting -2665.3 seconds until midnight...
Error in scheduler loop: sleep length must be non-negative
Waiting -2674.9 seconds until midnight...
Error in scheduler loop: sleep length must be non-negative
Started earnings reset scheduler
Waiting -2708.3 seconds until midnight...
Error in scheduler loop: sleep length must be non-negative
Waiting -2725.3 seconds until midnight...
Error in scheduler loop: sleep length must be non-negative
Waiting -2768.4 seconds until midnight...
Error in scheduler loop: sleep length must be non-negative
Waiting -2785.3 seconds until midnight...
Error in scheduler loop: sleep length must be non-negative
Waiting -2828.4 seconds until midnight...
Error in scheduler loop: sleep length must be non-negative
Waiting -2845.3 seconds until midnight...
Error in scheduler loop: sleep length must be non-negative
Waiting -2888.4 seconds until midnight...
Error in scheduler loop: sleep length must be non-negative
Waiting -2905.3 seconds until midnight...
Error in scheduler loop: sleep length must be non-negative
Waiting -2948.4 seconds until midnight...
Error in scheduler loop: sleep length must be non-negative
Waiting -2965.3 seconds until midnight...
Error in scheduler loop: sleep length must be non-negative
Waiting -3008.4 seconds until midnight...
Error in scheduler loop: sleep length must be non-negative
Waiting -3025.4 seconds until midnight...
Error in scheduler loop: sleep length must be non-negative
Waiting -3068.4 seconds until midnight...
Error in scheduler loop: sleep length must be non-negative
Waiting -3085.4 seconds until midnight...
Error in scheduler loop: sleep length must be non-negative
Waiting -3128.4 seconds until midnight...
Error in scheduler loop: sleep length must be non-negative
Waiting -3145.4 seconds until midnight...
Error in scheduler loop: sleep length must be non-negative
Waiting -3188.4 seconds until midnight...
Error in scheduler loop: sleep length must be non-negative
Waiting -3205.4 seconds until midnight...
Error in scheduler loop: sleep length must be non-negative
Waiting -3248.4 seconds until midnight...
Error in scheduler loop: sleep length must be non-negative
Waiting -3265.4 seconds until midnight...
Error in scheduler loop: sleep length must be non-negative
Waiting -3308.4 seconds until midnight...
Error in scheduler loop: sleep length must be non-negative
Waiting 43757.7 seconds until midnight...
Waiting 43714.6 seconds until midnight...
Started earnings reset scheduler
Waiting 43110.1 seconds until midnight...
Started earnings reset scheduler
Waiting 43045.2 seconds until midnight...
Started earnings reset scheduler
Waiting 43028.1 seconds until midnight...
Error in mark_delivered view for order 36: No OrderAssignment matches the given query.
Traceback (most recent call last):
  File "C:\Python312\Lib\site-packages\django\shortcuts.py", line 90, in get_object_or_404
    return queryset.get(*args, **kwargs)
           ^^^^^^^^^^^^^^^^^^^^^^^^^^^^^
  File "C:\Python312\Lib\site-packages\django\db\models\query.py", line 633, in get
    raise self.model.DoesNotExist(
rider_app.models.OrderAssignment.DoesNotExist: OrderAssignment matching query does not exist.

During handling of the above exception, another exception occurred:

Traceback (most recent call last):
  File "C:\Users\najar\Music\Liveshare workspace\rider_app\views.py", line 298, in mark_delivered
    assignment = get_object_or_404(
                 ^^^^^^^^^^^^^^^^^^
  File "C:\Python312\Lib\site-packages\django\shortcuts.py", line 92, in get_object_or_404
    raise Http404(
django.http.response.Http404: No OrderAssignment matches the given query.
Started earnings reset scheduler
Waiting 42651.5 seconds until midnight...
Started earnings reset scheduler
Waiting 42638.2 seconds until midnight...
Started earnings reset scheduler
Waiting 42533.0 seconds until midnight...
Started earnings reset scheduler
Waiting 42496.6 seconds until midnight...
Started earnings reset scheduler
Waiting 42446.0 seconds until midnight...
Started earnings reset scheduler
Waiting 42193.0 seconds until midnight...
Started earnings reset scheduler
Waiting 42137.3 seconds until midnight...
Started earnings reset scheduler
Waiting 42116.4 seconds until midnight...
Error fetching order detail: Unclosed tag on line 3: 'block'. Looking for one of: endblock.
Traceback (most recent call last):
  File "C:\Users\najar\Music\Liveshare workspace\rider_app\views.py", line 520, in rider_order_detail
    return render(request, 'rider_app/order_detail.html', context)
           ^^^^^^^^^^^^^^^^^^^^^^^^^^^^^^^^^^^^^^^^^^^^^^^^^^^^^^^
  File "C:\Python312\Lib\site-packages\django\shortcuts.py", line 25, in render
    content = loader.render_to_string(template_name, context, request, using=using)
              ^^^^^^^^^^^^^^^^^^^^^^^^^^^^^^^^^^^^^^^^^^^^^^^^^^^^^^^^^^^^^^^^^^^^^
  File "C:\Python312\Lib\site-packages\django\template\loader.py", line 61, in render_to_string
    template = get_template(template_name, using=using)
               ^^^^^^^^^^^^^^^^^^^^^^^^^^^^^^^^^^^^^^^^
  File "C:\Python312\Lib\site-packages\django\template\loader.py", line 15, in get_template
    return engine.get_template(template_name)
           ^^^^^^^^^^^^^^^^^^^^^^^^^^^^^^^^^^
  File "C:\Python312\Lib\site-packages\django\template\backends\django.py", line 79, in get_template
    return Template(self.engine.get_template(template_name), self)
                    ^^^^^^^^^^^^^^^^^^^^^^^^^^^^^^^^^^^^^^^
  File "C:\Python312\Lib\site-packages\django\template\engine.py", line 177, in get_template
    template, origin = self.find_template(template_name)
                       ^^^^^^^^^^^^^^^^^^^^^^^^^^^^^^^^^
  File "C:\Python312\Lib\site-packages\django\template\engine.py", line 159, in find_template
    template = loader.get_template(name, skip=skip)
               ^^^^^^^^^^^^^^^^^^^^^^^^^^^^^^^^^^^^
  File "C:\Python312\Lib\site-packages\django\template\loaders\cached.py", line 57, in get_template
    template = super().get_template(template_name, skip)
               ^^^^^^^^^^^^^^^^^^^^^^^^^^^^^^^^^^^^^^^^^
  File "C:\Python312\Lib\site-packages\django\template\loaders\base.py", line 28, in get_template
    return Template(
           ^^^^^^^^^
  File "C:\Python312\Lib\site-packages\django\template\base.py", line 154, in __init__
    self.nodelist = self.compile_nodelist()
                    ^^^^^^^^^^^^^^^^^^^^^^^
  File "C:\Python312\Lib\site-packages\django\template\base.py", line 196, in compile_nodelist
    nodelist = parser.parse()
               ^^^^^^^^^^^^^^
  File "C:\Python312\Lib\site-packages\django\template\base.py", line 518, in parse
    raise self.error(token, e)
  File "C:\Python312\Lib\site-packages\django\template\base.py", line 516, in parse
    compiled_result = compile_func(self, token)
                      ^^^^^^^^^^^^^^^^^^^^^^^^^
  File "C:\Python312\Lib\site-packages\django\template\loader_tags.py", line 299, in do_extends
    nodelist = parser.parse()
               ^^^^^^^^^^^^^^
  File "C:\Python312\Lib\site-packages\django\template\base.py", line 518, in parse
    raise self.error(token, e)
  File "C:\Python312\Lib\site-packages\django\template\base.py", line 516, in parse
    compiled_result = compile_func(self, token)
                      ^^^^^^^^^^^^^^^^^^^^^^^^^
  File "C:\Python312\Lib\site-packages\django\template\loader_tags.py", line 234, in do_block
    nodelist = parser.parse(("endblock",))
               ^^^^^^^^^^^^^^^^^^^^^^^^^^^
  File "C:\Python312\Lib\site-packages\django\template\base.py", line 523, in parse
    self.unclosed_block_tag(parse_until)
  File "C:\Python312\Lib\site-packages\django\template\base.py", line 590, in unclosed_block_tag
    raise self.error(token, msg)
django.template.exceptions.TemplateSyntaxError: Unclosed tag on line 3: 'block'. Looking for one of: endblock.
Error fetching order detail: Unclosed tag on line 3: 'block'. Looking for one of: endblock.
Traceback (most recent call last):
  File "C:\Users\najar\Music\Liveshare workspace\rider_app\views.py", line 520, in rider_order_detail
    return render(request, 'rider_app/order_detail.html', context)
           ^^^^^^^^^^^^^^^^^^^^^^^^^^^^^^^^^^^^^^^^^^^^^^^^^^^^^^^
  File "C:\Python312\Lib\site-packages\django\shortcuts.py", line 25, in render
    content = loader.render_to_string(template_name, context, request, using=using)
              ^^^^^^^^^^^^^^^^^^^^^^^^^^^^^^^^^^^^^^^^^^^^^^^^^^^^^^^^^^^^^^^^^^^^^
  File "C:\Python312\Lib\site-packages\django\template\loader.py", line 61, in render_to_string
    template = get_template(template_name, using=using)
               ^^^^^^^^^^^^^^^^^^^^^^^^^^^^^^^^^^^^^^^^
  File "C:\Python312\Lib\site-packages\django\template\loader.py", line 15, in get_template
    return engine.get_template(template_name)
           ^^^^^^^^^^^^^^^^^^^^^^^^^^^^^^^^^^
  File "C:\Python312\Lib\site-packages\django\template\backends\django.py", line 79, in get_template
    return Template(self.engine.get_template(template_name), self)
                    ^^^^^^^^^^^^^^^^^^^^^^^^^^^^^^^^^^^^^^^
  File "C:\Python312\Lib\site-packages\django\template\engine.py", line 177, in get_template
    template, origin = self.find_template(template_name)
                       ^^^^^^^^^^^^^^^^^^^^^^^^^^^^^^^^^
  File "C:\Python312\Lib\site-packages\django\template\engine.py", line 159, in find_template
    template = loader.get_template(name, skip=skip)
               ^^^^^^^^^^^^^^^^^^^^^^^^^^^^^^^^^^^^
  File "C:\Python312\Lib\site-packages\django\template\loaders\cached.py", line 57, in get_template
    template = super().get_template(template_name, skip)
               ^^^^^^^^^^^^^^^^^^^^^^^^^^^^^^^^^^^^^^^^^
  File "C:\Python312\Lib\site-packages\django\template\loaders\base.py", line 28, in get_template
    return Template(
           ^^^^^^^^^
  File "C:\Python312\Lib\site-packages\django\template\base.py", line 154, in __init__
    self.nodelist = self.compile_nodelist()
                    ^^^^^^^^^^^^^^^^^^^^^^^
  File "C:\Python312\Lib\site-packages\django\template\base.py", line 196, in compile_nodelist
    nodelist = parser.parse()
               ^^^^^^^^^^^^^^
  File "C:\Python312\Lib\site-packages\django\template\base.py", line 518, in parse
    raise self.error(token, e)
  File "C:\Python312\Lib\site-packages\django\template\base.py", line 516, in parse
    compiled_result = compile_func(self, token)
                      ^^^^^^^^^^^^^^^^^^^^^^^^^
  File "C:\Python312\Lib\site-packages\django\template\loader_tags.py", line 299, in do_extends
    nodelist = parser.parse()
               ^^^^^^^^^^^^^^
  File "C:\Python312\Lib\site-packages\django\template\base.py", line 518, in parse
    raise self.error(token, e)
  File "C:\Python312\Lib\site-packages\django\template\base.py", line 516, in parse
    compiled_result = compile_func(self, token)
                      ^^^^^^^^^^^^^^^^^^^^^^^^^
  File "C:\Python312\Lib\site-packages\django\template\loader_tags.py", line 234, in do_block
    nodelist = parser.parse(("endblock",))
               ^^^^^^^^^^^^^^^^^^^^^^^^^^^
  File "C:\Python312\Lib\site-packages\django\template\base.py", line 523, in parse
    self.unclosed_block_tag(parse_until)
  File "C:\Python312\Lib\site-packages\django\template\base.py", line 590, in unclosed_block_tag
    raise self.error(token, msg)
django.template.exceptions.TemplateSyntaxError: Unclosed tag on line 3: 'block'. Looking for one of: endblock.
Error fetching order detail: Unclosed tag on line 3: 'block'. Looking for one of: endblock.
Traceback (most recent call last):
  File "C:\Users\najar\Music\Liveshare workspace\rider_app\views.py", line 520, in rider_order_detail
    return render(request, 'rider_app/order_detail.html', context)
           ^^^^^^^^^^^^^^^^^^^^^^^^^^^^^^^^^^^^^^^^^^^^^^^^^^^^^^^
  File "C:\Python312\Lib\site-packages\django\shortcuts.py", line 25, in render
    content = loader.render_to_string(template_name, context, request, using=using)
              ^^^^^^^^^^^^^^^^^^^^^^^^^^^^^^^^^^^^^^^^^^^^^^^^^^^^^^^^^^^^^^^^^^^^^
  File "C:\Python312\Lib\site-packages\django\template\loader.py", line 61, in render_to_string
    template = get_template(template_name, using=using)
               ^^^^^^^^^^^^^^^^^^^^^^^^^^^^^^^^^^^^^^^^
  File "C:\Python312\Lib\site-packages\django\template\loader.py", line 15, in get_template
    return engine.get_template(template_name)
           ^^^^^^^^^^^^^^^^^^^^^^^^^^^^^^^^^^
  File "C:\Python312\Lib\site-packages\django\template\backends\django.py", line 79, in get_template
    return Template(self.engine.get_template(template_name), self)
                    ^^^^^^^^^^^^^^^^^^^^^^^^^^^^^^^^^^^^^^^
  File "C:\Python312\Lib\site-packages\django\template\engine.py", line 177, in get_template
    template, origin = self.find_template(template_name)
                       ^^^^^^^^^^^^^^^^^^^^^^^^^^^^^^^^^
  File "C:\Python312\Lib\site-packages\django\template\engine.py", line 159, in find_template
    template = loader.get_template(name, skip=skip)
               ^^^^^^^^^^^^^^^^^^^^^^^^^^^^^^^^^^^^
  File "C:\Python312\Lib\site-packages\django\template\loaders\cached.py", line 57, in get_template
    template = super().get_template(template_name, skip)
               ^^^^^^^^^^^^^^^^^^^^^^^^^^^^^^^^^^^^^^^^^
  File "C:\Python312\Lib\site-packages\django\template\loaders\base.py", line 28, in get_template
    return Template(
           ^^^^^^^^^
  File "C:\Python312\Lib\site-packages\django\template\base.py", line 154, in __init__
    self.nodelist = self.compile_nodelist()
                    ^^^^^^^^^^^^^^^^^^^^^^^
  File "C:\Python312\Lib\site-packages\django\template\base.py", line 196, in compile_nodelist
    nodelist = parser.parse()
               ^^^^^^^^^^^^^^
  File "C:\Python312\Lib\site-packages\django\template\base.py", line 518, in parse
    raise self.error(token, e)
  File "C:\Python312\Lib\site-packages\django\template\base.py", line 516, in parse
    compiled_result = compile_func(self, token)
                      ^^^^^^^^^^^^^^^^^^^^^^^^^
  File "C:\Python312\Lib\site-packages\django\template\loader_tags.py", line 299, in do_extends
    nodelist = parser.parse()
               ^^^^^^^^^^^^^^
  File "C:\Python312\Lib\site-packages\django\template\base.py", line 518, in parse
    raise self.error(token, e)
  File "C:\Python312\Lib\site-packages\django\template\base.py", line 516, in parse
    compiled_result = compile_func(self, token)
                      ^^^^^^^^^^^^^^^^^^^^^^^^^
  File "C:\Python312\Lib\site-packages\django\template\loader_tags.py", line 234, in do_block
    nodelist = parser.parse(("endblock",))
               ^^^^^^^^^^^^^^^^^^^^^^^^^^^
  File "C:\Python312\Lib\site-packages\django\template\base.py", line 523, in parse
    self.unclosed_block_tag(parse_until)
  File "C:\Python312\Lib\site-packages\django\template\base.py", line 590, in unclosed_block_tag
    raise self.error(token, msg)
django.template.exceptions.TemplateSyntaxError: Unclosed tag on line 3: 'block'. Looking for one of: endblock.
Started earnings reset scheduler
Waiting 41987.6 seconds until midnight...
Error fetching order detail: Unclosed tag on line 3: 'block'. Looking for one of: endblock.
Traceback (most recent call last):
  File "C:\Users\najar\Music\Liveshare workspace\rider_app\views.py", line 499, in rider_order_detail
    return render(request, 'rider_app/order_detail.html', context)
           ^^^^^^^^^^^^^^^^^^^^^^^^^^^^^^^^^^^^^^^^^^^^^^^^^^^^^^^
  File "C:\Python312\Lib\site-packages\django\shortcuts.py", line 25, in render
    content = loader.render_to_string(template_name, context, request, using=using)
              ^^^^^^^^^^^^^^^^^^^^^^^^^^^^^^^^^^^^^^^^^^^^^^^^^^^^^^^^^^^^^^^^^^^^^
  File "C:\Python312\Lib\site-packages\django\template\loader.py", line 61, in render_to_string
    template = get_template(template_name, using=using)
               ^^^^^^^^^^^^^^^^^^^^^^^^^^^^^^^^^^^^^^^^
  File "C:\Python312\Lib\site-packages\django\template\loader.py", line 15, in get_template
    return engine.get_template(template_name)
           ^^^^^^^^^^^^^^^^^^^^^^^^^^^^^^^^^^
  File "C:\Python312\Lib\site-packages\django\template\backends\django.py", line 79, in get_template
    return Template(self.engine.get_template(template_name), self)
                    ^^^^^^^^^^^^^^^^^^^^^^^^^^^^^^^^^^^^^^^
  File "C:\Python312\Lib\site-packages\django\template\engine.py", line 177, in get_template
    template, origin = self.find_template(template_name)
                       ^^^^^^^^^^^^^^^^^^^^^^^^^^^^^^^^^
  File "C:\Python312\Lib\site-packages\django\template\engine.py", line 159, in find_template
    template = loader.get_template(name, skip=skip)
               ^^^^^^^^^^^^^^^^^^^^^^^^^^^^^^^^^^^^
  File "C:\Python312\Lib\site-packages\django\template\loaders\cached.py", line 57, in get_template
    template = super().get_template(template_name, skip)
               ^^^^^^^^^^^^^^^^^^^^^^^^^^^^^^^^^^^^^^^^^
  File "C:\Python312\Lib\site-packages\django\template\loaders\base.py", line 28, in get_template
    return Template(
           ^^^^^^^^^
  File "C:\Python312\Lib\site-packages\django\template\base.py", line 154, in __init__
    self.nodelist = self.compile_nodelist()
                    ^^^^^^^^^^^^^^^^^^^^^^^
  File "C:\Python312\Lib\site-packages\django\template\base.py", line 196, in compile_nodelist
    nodelist = parser.parse()
               ^^^^^^^^^^^^^^
  File "C:\Python312\Lib\site-packages\django\template\base.py", line 518, in parse
    raise self.error(token, e)
  File "C:\Python312\Lib\site-packages\django\template\base.py", line 516, in parse
    compiled_result = compile_func(self, token)
                      ^^^^^^^^^^^^^^^^^^^^^^^^^
  File "C:\Python312\Lib\site-packages\django\template\loader_tags.py", line 299, in do_extends
    nodelist = parser.parse()
               ^^^^^^^^^^^^^^
  File "C:\Python312\Lib\site-packages\django\template\base.py", line 518, in parse
    raise self.error(token, e)
  File "C:\Python312\Lib\site-packages\django\template\base.py", line 516, in parse
    compiled_result = compile_func(self, token)
                      ^^^^^^^^^^^^^^^^^^^^^^^^^
  File "C:\Python312\Lib\site-packages\django\template\loader_tags.py", line 234, in do_block
    nodelist = parser.parse(("endblock",))
               ^^^^^^^^^^^^^^^^^^^^^^^^^^^
  File "C:\Python312\Lib\site-packages\django\template\base.py", line 523, in parse
    self.unclosed_block_tag(parse_until)
  File "C:\Python312\Lib\site-packages\django\template\base.py", line 590, in unclosed_block_tag
    raise self.error(token, msg)
django.template.exceptions.TemplateSyntaxError: Unclosed tag on line 3: 'block'. Looking for one of: endblock.
Error fetching order detail: Unclosed tag on line 3: 'block'. Looking for one of: endblock.
Traceback (most recent call last):
  File "C:\Users\najar\Music\Liveshare workspace\rider_app\views.py", line 499, in rider_order_detail
    return render(request, 'rider_app/order_detail.html', context)
           ^^^^^^^^^^^^^^^^^^^^^^^^^^^^^^^^^^^^^^^^^^^^^^^^^^^^^^^
  File "C:\Python312\Lib\site-packages\django\shortcuts.py", line 25, in render
    content = loader.render_to_string(template_name, context, request, using=using)
              ^^^^^^^^^^^^^^^^^^^^^^^^^^^^^^^^^^^^^^^^^^^^^^^^^^^^^^^^^^^^^^^^^^^^^
  File "C:\Python312\Lib\site-packages\django\template\loader.py", line 61, in render_to_string
    template = get_template(template_name, using=using)
               ^^^^^^^^^^^^^^^^^^^^^^^^^^^^^^^^^^^^^^^^
  File "C:\Python312\Lib\site-packages\django\template\loader.py", line 15, in get_template
    return engine.get_template(template_name)
           ^^^^^^^^^^^^^^^^^^^^^^^^^^^^^^^^^^
  File "C:\Python312\Lib\site-packages\django\template\backends\django.py", line 79, in get_template
    return Template(self.engine.get_template(template_name), self)
                    ^^^^^^^^^^^^^^^^^^^^^^^^^^^^^^^^^^^^^^^
  File "C:\Python312\Lib\site-packages\django\template\engine.py", line 177, in get_template
    template, origin = self.find_template(template_name)
                       ^^^^^^^^^^^^^^^^^^^^^^^^^^^^^^^^^
  File "C:\Python312\Lib\site-packages\django\template\engine.py", line 159, in find_template
    template = loader.get_template(name, skip=skip)
               ^^^^^^^^^^^^^^^^^^^^^^^^^^^^^^^^^^^^
  File "C:\Python312\Lib\site-packages\django\template\loaders\cached.py", line 57, in get_template
    template = super().get_template(template_name, skip)
               ^^^^^^^^^^^^^^^^^^^^^^^^^^^^^^^^^^^^^^^^^
  File "C:\Python312\Lib\site-packages\django\template\loaders\base.py", line 28, in get_template
    return Template(
           ^^^^^^^^^
  File "C:\Python312\Lib\site-packages\django\template\base.py", line 154, in __init__
    self.nodelist = self.compile_nodelist()
                    ^^^^^^^^^^^^^^^^^^^^^^^
  File "C:\Python312\Lib\site-packages\django\template\base.py", line 196, in compile_nodelist
    nodelist = parser.parse()
               ^^^^^^^^^^^^^^
  File "C:\Python312\Lib\site-packages\django\template\base.py", line 518, in parse
    raise self.error(token, e)
  File "C:\Python312\Lib\site-packages\django\template\base.py", line 516, in parse
    compiled_result = compile_func(self, token)
                      ^^^^^^^^^^^^^^^^^^^^^^^^^
  File "C:\Python312\Lib\site-packages\django\template\loader_tags.py", line 299, in do_extends
    nodelist = parser.parse()
               ^^^^^^^^^^^^^^
  File "C:\Python312\Lib\site-packages\django\template\base.py", line 518, in parse
    raise self.error(token, e)
  File "C:\Python312\Lib\site-packages\django\template\base.py", line 516, in parse
    compiled_result = compile_func(self, token)
                      ^^^^^^^^^^^^^^^^^^^^^^^^^
  File "C:\Python312\Lib\site-packages\django\template\loader_tags.py", line 234, in do_block
    nodelist = parser.parse(("endblock",))
               ^^^^^^^^^^^^^^^^^^^^^^^^^^^
  File "C:\Python312\Lib\site-packages\django\template\base.py", line 523, in parse
    self.unclosed_block_tag(parse_until)
  File "C:\Python312\Lib\site-packages\django\template\base.py", line 590, in unclosed_block_tag
    raise self.error(token, msg)
django.template.exceptions.TemplateSyntaxError: Unclosed tag on line 3: 'block'. Looking for one of: endblock.
Started earnings reset scheduler
Waiting 41940.3 seconds until midnight...
Started earnings reset scheduler
Waiting 41916.9 seconds until midnight...
Started earnings reset scheduler
Waiting 41375.6 seconds until midnight...
Started earnings reset scheduler
Waiting 41310.2 seconds until midnight...
Started earnings reset scheduler
Waiting 40920.0 seconds until midnight...
Started earnings reset scheduler
Waiting 40347.8 seconds until midnight...
Started earnings reset scheduler
Waiting 40082.6 seconds until midnight...
Started earnings reset scheduler
Waiting 39961.2 seconds until midnight...
Started earnings reset scheduler
Waiting 39812.2 seconds until midnight...
Started earnings reset scheduler
Waiting 39801.4 seconds until midnight...
Started earnings reset scheduler
Waiting 39358.8 seconds until midnight...
Started earnings reset scheduler
Waiting 39026.6 seconds until midnight...
Started earnings reset scheduler
Waiting 39019.7 seconds until midnight...
Started earnings reset scheduler
Waiting 38808.0 seconds until midnight...
Started earnings reset scheduler
Waiting 38758.8 seconds until midnight...
Started earnings reset scheduler
Waiting 38743.0 seconds until midnight...
Started earnings reset scheduler
Waiting 38729.8 seconds until midnight...
Waiting 38699.4 seconds until midnight...
Started earnings reset scheduler
Started earnings reset scheduler
Waiting 38646.1 seconds until midnight...
Started earnings reset scheduler
Waiting 38458.7 seconds until midnight...
Started earnings reset scheduler
Waiting 38438.2 seconds until midnight...
Waiting 38397.4 seconds until midnight...
Started earnings reset scheduler
Started earnings reset scheduler
Waiting 37943.0 seconds until midnight...
Started earnings reset scheduler
Waiting 37905.7 seconds until midnight...
Started earnings reset scheduler
Waiting 37452.1 seconds until midnight...
Started earnings reset scheduler
Waiting 37240.6 seconds until midnight...
Started earnings reset scheduler
Waiting 37096.1 seconds until midnight...
Started earnings reset scheduler
Waiting 37058.4 seconds until midnight...
Started earnings reset scheduler
Waiting 36903.9 seconds until midnight...
Started earnings reset scheduler
Waiting 36722.2 seconds until midnight...
Started earnings reset scheduler
Waiting 36674.1 seconds until midnight...
Started earnings reset scheduler
Waiting 36658.9 seconds until midnight...
Started earnings reset scheduler
Waiting 36586.1 seconds until midnight...
Started earnings reset scheduler
Waiting 36547.6 seconds until midnight...
